distance_m,relative_elevation_m,baseline_grade_percent,provenance
0.0,0.000000,8.000000,synthetic_USFS_Class3_benchmark_cycle
0.1,0.008000,8.000000,synthetic_USFS_Class3_benchmark_cycle
0.2,0.016000,8.000000,synthetic_USFS_Class3_benchmark_cycle
0.3,0.024000,8.000000,synthetic_USFS_Class3_benchmark_cycle
0.4,0.032000,8.000000,synthetic_USFS_Class3_benchmark_cycle
0.5,0.040000,8.000000,synthetic_USFS_Class3_benchmark_cycle
0.6,0.048000,8.000000,synthetic_USFS_Class3_benchmark_cycle
0.7,0.056000,8.000000,synthetic_USFS_Class3_benchmark_cycle
0.8,0.064000,8.000000,synthetic_USFS_Class3_benchmark_cycle
0.9,0.072000,8.000000,synthetic_USFS_Class3_benchmark_cycle
1.0,0.080000,8.000000,synthetic_USFS_Class3_benchmark_cycle
1.1,0.088000,8.000000,synthetic_USFS_Class3_benchmark_cycle
1.2,0.096000,8.000000,synthetic_USFS_Class3_benchmark_cycle
1.3,0.104000,8.000000,synthetic_USFS_Class3_benchmark_cycle
1.4,0.112000,8.000000,synthetic_USFS_Class3_benchmark_cycle
1.5,0.120000,8.000000,synthetic_USFS_Class3_benchmark_cycle
1.6,0.128000,8.000000,synthetic_USFS_Class3_benchmark_cycle
1.7,0.136000,8.000000,synthetic_USFS_Class3_benchmark_cycle
1.8,0.144000,8.000000,synthetic_USFS_Class3_benchmark_cycle
1.9,0.152000,8.000000,synthetic_USFS_Class3_benchmark_cycle
2.0,0.160000,8.000000,synthetic_USFS_Class3_benchmark_cycle
2.1,0.168000,8.000000,synthetic_USFS_Class3_benchmark_cycle
2.2,0.176000,8.000000,synthetic_USFS_Class3_benchmark_cycle
2.3,0.184000,8.000000,synthetic_USFS_Class3_benchmark_cycle
2.4,0.192000,8.000000,synthetic_USFS_Class3_benchmark_cycle
2.5,0.200000,8.000000,synthetic_USFS_Class3_benchmark_cycle
2.6,0.208000,8.000000,synthetic_USFS_Class3_benchmark_cycle
2.7,0.216000,8.000000,synthetic_USFS_Class3_benchmark_cycle
2.8,0.224000,8.000000,synthetic_USFS_Class3_benchmark_cycle
2.9,0.232000,8.000000,synthetic_USFS_Class3_benchmark_cycle
3.0,0.240000,8.000000,synthetic_USFS_Class3_benchmark_cycle
3.1,0.248000,8.000000,synthetic_USFS_Class3_benchmark_cycle
3.2,0.256000,8.000000,synthetic_USFS_Class3_benchmark_cycle
3.3,0.264000,8.000000,synthetic_USFS_Class3_benchmark_cycle
3.4,0.272000,8.000000,synthetic_USFS_Class3_benchmark_cycle
3.5,0.280000,8.000000,synthetic_USFS_Class3_benchmark_cycle
3.6,0.288000,8.000000,synthetic_USFS_Class3_benchmark_cycle
3.7,0.296000,8.000000,synthetic_USFS_Class3_benchmark_cycle
3.8,0.304000,8.000000,synthetic_USFS_Class3_benchmark_cycle
3.9,0.312000,8.000000,synthetic_USFS_Class3_benchmark_cycle
4.0,0.320000,8.000000,synthetic_USFS_Class3_benchmark_cycle
4.1,0.328000,8.000000,synthetic_USFS_Class3_benchmark_cycle
4.2,0.336000,8.000000,synthetic_USFS_Class3_benchmark_cycle
4.3,0.344000,8.000000,synthetic_USFS_Class3_benchmark_cycle
4.4,0.352000,8.000000,synthetic_USFS_Class3_benchmark_cycle
4.5,0.360000,8.000000,synthetic_USFS_Class3_benchmark_cycle
4.6,0.368000,8.000000,synthetic_USFS_Class3_benchmark_cycle
4.7,0.376000,8.000000,synthetic_USFS_Class3_benchmark_cycle
4.8,0.384000,8.000000,synthetic_USFS_Class3_benchmark_cycle
4.9,0.392000,8.000000,synthetic_USFS_Class3_benchmark_cycle
5.0,0.400000,8.000000,synthetic_USFS_Class3_benchmark_cycle
5.1,0.408000,8.000000,synthetic_USFS_Class3_benchmark_cycle
5.2,0.416000,8.000000,synthetic_USFS_Class3_benchmark_cycle
5.3,0.424000,8.000000,synthetic_USFS_Class3_benchmark_cycle
5.4,0.432000,8.000000,synthetic_USFS_Class3_benchmark_cycle
5.5,0.440000,8.000000,synthetic_USFS_Class3_benchmark_cycle
5.6,0.448000,8.000000,synthetic_USFS_Class3_benchmark_cycle
5.7,0.456000,8.000000,synthetic_USFS_Class3_benchmark_cycle
5.8,0.464000,8.000000,synthetic_USFS_Class3_benchmark_cycle
5.9,0.472000,8.000000,synthetic_USFS_Class3_benchmark_cycle
6.0,0.480000,8.000000,synthetic_USFS_Class3_benchmark_cycle
6.1,0.488000,8.000000,synthetic_USFS_Class3_benchmark_cycle
6.2,0.496000,8.000000,synthetic_USFS_Class3_benchmark_cycle
6.3,0.504000,8.000000,synthetic_USFS_Class3_benchmark_cycle
6.4,0.512000,8.000000,synthetic_USFS_Class3_benchmark_cycle
6.5,0.520000,8.000000,synthetic_USFS_Class3_benchmark_cycle
6.6,0.528000,8.000000,synthetic_USFS_Class3_benchmark_cycle
6.7,0.536000,8.000000,synthetic_USFS_Class3_benchmark_cycle
6.8,0.544000,8.000000,synthetic_USFS_Class3_benchmark_cycle
6.9,0.552000,8.000000,synthetic_USFS_Class3_benchmark_cycle
7.0,0.560000,8.000000,synthetic_USFS_Class3_benchmark_cycle
7.1,0.568000,8.000000,synthetic_USFS_Class3_benchmark_cycle
7.2,0.576000,8.000000,synthetic_USFS_Class3_benchmark_cycle
7.3,0.584000,8.000000,synthetic_USFS_Class3_benchmark_cycle
7.4,0.592000,8.000000,synthetic_USFS_Class3_benchmark_cycle
7.5,0.600000,8.000000,synthetic_USFS_Class3_benchmark_cycle
7.6,0.608000,8.000000,synthetic_USFS_Class3_benchmark_cycle
7.7,0.616000,8.000000,synthetic_USFS_Class3_benchmark_cycle
7.8,0.624000,8.000000,synthetic_USFS_Class3_benchmark_cycle
7.9,0.632000,8.000000,synthetic_USFS_Class3_benchmark_cycle
8.0,0.640000,8.000000,synthetic_USFS_Class3_benchmark_cycle
8.1,0.648000,8.000000,synthetic_USFS_Class3_benchmark_cycle
8.2,0.656000,8.000000,synthetic_USFS_Class3_benchmark_cycle
8.3,0.664000,8.000000,synthetic_USFS_Class3_benchmark_cycle
8.4,0.672000,8.000000,synthetic_USFS_Class3_benchmark_cycle
8.5,0.680000,8.000000,synthetic_USFS_Class3_benchmark_cycle
8.6,0.688000,8.000000,synthetic_USFS_Class3_benchmark_cycle
8.7,0.696000,8.000000,synthetic_USFS_Class3_benchmark_cycle
8.8,0.704000,8.000000,synthetic_USFS_Class3_benchmark_cycle
8.9,0.712000,8.000000,synthetic_USFS_Class3_benchmark_cycle
9.0,0.720000,8.000000,synthetic_USFS_Class3_benchmark_cycle
9.1,0.728000,8.000000,synthetic_USFS_Class3_benchmark_cycle
9.2,0.736000,8.000000,synthetic_USFS_Class3_benchmark_cycle
9.3,0.744000,8.000000,synthetic_USFS_Class3_benchmark_cycle
9.4,0.752000,8.000000,synthetic_USFS_Class3_benchmark_cycle
9.5,0.760000,8.000000,synthetic_USFS_Class3_benchmark_cycle
9.6,0.768000,8.000000,synthetic_USFS_Class3_benchmark_cycle
9.7,0.776000,8.000000,synthetic_USFS_Class3_benchmark_cycle
9.8,0.784000,8.000000,synthetic_USFS_Class3_benchmark_cycle
9.9,0.792000,8.000000,synthetic_USFS_Class3_benchmark_cycle
10.0,0.800000,8.000000,synthetic_USFS_Class3_benchmark_cycle
10.1,0.808000,8.000000,synthetic_USFS_Class3_benchmark_cycle
10.2,0.816000,8.000000,synthetic_USFS_Class3_benchmark_cycle
10.3,0.824000,8.000000,synthetic_USFS_Class3_benchmark_cycle
10.4,0.832000,8.000000,synthetic_USFS_Class3_benchmark_cycle
10.5,0.840000,8.000000,synthetic_USFS_Class3_benchmark_cycle
10.6,0.848000,8.000000,synthetic_USFS_Class3_benchmark_cycle
10.7,0.856000,8.000000,synthetic_USFS_Class3_benchmark_cycle
10.8,0.864000,8.000000,synthetic_USFS_Class3_benchmark_cycle
10.9,0.872000,8.000000,synthetic_USFS_Class3_benchmark_cycle
11.0,0.880000,8.000000,synthetic_USFS_Class3_benchmark_cycle
11.1,0.888000,8.000000,synthetic_USFS_Class3_benchmark_cycle
11.2,0.896000,8.000000,synthetic_USFS_Class3_benchmark_cycle
11.3,0.904000,8.000000,synthetic_USFS_Class3_benchmark_cycle
11.4,0.912000,8.000000,synthetic_USFS_Class3_benchmark_cycle
11.5,0.920000,8.000000,synthetic_USFS_Class3_benchmark_cycle
11.6,0.928000,8.000000,synthetic_USFS_Class3_benchmark_cycle
11.7,0.936000,8.000000,synthetic_USFS_Class3_benchmark_cycle
11.8,0.944000,8.000000,synthetic_USFS_Class3_benchmark_cycle
11.9,0.952000,8.000000,synthetic_USFS_Class3_benchmark_cycle
12.0,0.960000,8.000000,synthetic_USFS_Class3_benchmark_cycle
12.1,0.968000,8.000000,synthetic_USFS_Class3_benchmark_cycle
12.2,0.976000,8.000000,synthetic_USFS_Class3_benchmark_cycle
12.3,0.984000,8.000000,synthetic_USFS_Class3_benchmark_cycle
12.4,0.992000,8.000000,synthetic_USFS_Class3_benchmark_cycle
12.5,1.000000,8.000000,synthetic_USFS_Class3_benchmark_cycle
12.6,1.008000,8.000000,synthetic_USFS_Class3_benchmark_cycle
12.7,1.016000,8.000000,synthetic_USFS_Class3_benchmark_cycle
12.8,1.024000,8.000000,synthetic_USFS_Class3_benchmark_cycle
12.9,1.032000,8.000000,synthetic_USFS_Class3_benchmark_cycle
13.0,1.040000,8.000000,synthetic_USFS_Class3_benchmark_cycle
13.1,1.048000,8.000000,synthetic_USFS_Class3_benchmark_cycle
13.2,1.056000,8.000000,synthetic_USFS_Class3_benchmark_cycle
13.3,1.064000,8.000000,synthetic_USFS_Class3_benchmark_cycle
13.4,1.072000,8.000000,synthetic_USFS_Class3_benchmark_cycle
13.5,1.080000,8.000000,synthetic_USFS_Class3_benchmark_cycle
13.6,1.088000,8.000000,synthetic_USFS_Class3_benchmark_cycle
13.7,1.096000,8.000000,synthetic_USFS_Class3_benchmark_cycle
13.8,1.104000,8.000000,synthetic_USFS_Class3_benchmark_cycle
13.9,1.112000,8.000000,synthetic_USFS_Class3_benchmark_cycle
14.0,1.120000,8.000000,synthetic_USFS_Class3_benchmark_cycle
14.1,1.128000,8.000000,synthetic_USFS_Class3_benchmark_cycle
14.2,1.136000,8.000000,synthetic_USFS_Class3_benchmark_cycle
14.3,1.144000,8.000000,synthetic_USFS_Class3_benchmark_cycle
14.4,1.152000,8.000000,synthetic_USFS_Class3_benchmark_cycle
14.5,1.160000,8.000000,synthetic_USFS_Class3_benchmark_cycle
14.6,1.168000,8.000000,synthetic_USFS_Class3_benchmark_cycle
14.7,1.176000,8.000000,synthetic_USFS_Class3_benchmark_cycle
14.8,1.184000,8.000000,synthetic_USFS_Class3_benchmark_cycle
14.9,1.192000,8.000000,synthetic_USFS_Class3_benchmark_cycle
15.0,1.200000,8.000000,synthetic_USFS_Class3_benchmark_cycle
15.1,1.208000,8.000000,synthetic_USFS_Class3_benchmark_cycle
15.2,1.216000,8.000000,synthetic_USFS_Class3_benchmark_cycle
15.3,1.224000,8.000000,synthetic_USFS_Class3_benchmark_cycle
15.4,1.232000,8.000000,synthetic_USFS_Class3_benchmark_cycle
15.5,1.240000,8.000000,synthetic_USFS_Class3_benchmark_cycle
15.6,1.248000,8.000000,synthetic_USFS_Class3_benchmark_cycle
15.7,1.256000,8.000000,synthetic_USFS_Class3_benchmark_cycle
15.8,1.264000,8.000000,synthetic_USFS_Class3_benchmark_cycle
15.9,1.272000,8.000000,synthetic_USFS_Class3_benchmark_cycle
16.0,1.280000,8.000000,synthetic_USFS_Class3_benchmark_cycle
16.1,1.288000,8.000000,synthetic_USFS_Class3_benchmark_cycle
16.2,1.296000,8.000000,synthetic_USFS_Class3_benchmark_cycle
16.3,1.304000,8.000000,synthetic_USFS_Class3_benchmark_cycle
16.4,1.312000,8.000000,synthetic_USFS_Class3_benchmark_cycle
16.5,1.320000,8.000000,synthetic_USFS_Class3_benchmark_cycle
16.6,1.328000,8.000000,synthetic_USFS_Class3_benchmark_cycle
16.7,1.336000,8.000000,synthetic_USFS_Class3_benchmark_cycle
16.8,1.344000,8.000000,synthetic_USFS_Class3_benchmark_cycle
16.9,1.352000,8.000000,synthetic_USFS_Class3_benchmark_cycle
17.0,1.360000,8.000000,synthetic_USFS_Class3_benchmark_cycle
17.1,1.368000,8.000000,synthetic_USFS_Class3_benchmark_cycle
17.2,1.376000,8.000000,synthetic_USFS_Class3_benchmark_cycle
17.3,1.384000,8.000000,synthetic_USFS_Class3_benchmark_cycle
17.4,1.392000,8.000000,synthetic_USFS_Class3_benchmark_cycle
17.5,1.400000,8.000000,synthetic_USFS_Class3_benchmark_cycle
17.6,1.408000,8.000000,synthetic_USFS_Class3_benchmark_cycle
17.7,1.416000,8.000000,synthetic_USFS_Class3_benchmark_cycle
17.8,1.424000,8.000000,synthetic_USFS_Class3_benchmark_cycle
17.9,1.432000,8.000000,synthetic_USFS_Class3_benchmark_cycle
18.0,1.440000,8.000000,synthetic_USFS_Class3_benchmark_cycle
18.1,1.448000,8.000000,synthetic_USFS_Class3_benchmark_cycle
18.2,1.456000,8.000000,synthetic_USFS_Class3_benchmark_cycle
18.3,1.464000,8.000000,synthetic_USFS_Class3_benchmark_cycle
18.4,1.472000,8.000000,synthetic_USFS_Class3_benchmark_cycle
18.5,1.480000,8.000000,synthetic_USFS_Class3_benchmark_cycle
18.6,1.488000,8.000000,synthetic_USFS_Class3_benchmark_cycle
18.7,1.496000,8.000000,synthetic_USFS_Class3_benchmark_cycle
18.8,1.504000,8.000000,synthetic_USFS_Class3_benchmark_cycle
18.9,1.512000,8.000000,synthetic_USFS_Class3_benchmark_cycle
19.0,1.520000,8.000000,synthetic_USFS_Class3_benchmark_cycle
19.1,1.528000,8.000000,synthetic_USFS_Class3_benchmark_cycle
19.2,1.536000,8.000000,synthetic_USFS_Class3_benchmark_cycle
19.3,1.544000,8.000000,synthetic_USFS_Class3_benchmark_cycle
19.4,1.552000,8.000000,synthetic_USFS_Class3_benchmark_cycle
19.5,1.560000,8.000000,synthetic_USFS_Class3_benchmark_cycle
19.6,1.568000,8.000000,synthetic_USFS_Class3_benchmark_cycle
19.7,1.576000,8.000000,synthetic_USFS_Class3_benchmark_cycle
19.8,1.584000,8.000000,synthetic_USFS_Class3_benchmark_cycle
19.9,1.592000,8.000000,synthetic_USFS_Class3_benchmark_cycle
20.0,1.600000,8.000000,synthetic_USFS_Class3_benchmark_cycle
20.1,1.608000,8.000000,synthetic_USFS_Class3_benchmark_cycle
20.2,1.616000,8.000000,synthetic_USFS_Class3_benchmark_cycle
20.3,1.624000,8.000000,synthetic_USFS_Class3_benchmark_cycle
20.4,1.632000,8.000000,synthetic_USFS_Class3_benchmark_cycle
20.5,1.640000,8.000000,synthetic_USFS_Class3_benchmark_cycle
20.6,1.648000,8.000000,synthetic_USFS_Class3_benchmark_cycle
20.7,1.656000,8.000000,synthetic_USFS_Class3_benchmark_cycle
20.8,1.664000,8.000000,synthetic_USFS_Class3_benchmark_cycle
20.9,1.672000,8.000000,synthetic_USFS_Class3_benchmark_cycle
21.0,1.680000,8.000000,synthetic_USFS_Class3_benchmark_cycle
21.1,1.688000,8.000000,synthetic_USFS_Class3_benchmark_cycle
21.2,1.696000,8.000000,synthetic_USFS_Class3_benchmark_cycle
21.3,1.704000,8.000000,synthetic_USFS_Class3_benchmark_cycle
21.4,1.712000,8.000000,synthetic_USFS_Class3_benchmark_cycle
21.5,1.720000,8.000000,synthetic_USFS_Class3_benchmark_cycle
21.6,1.728000,8.000000,synthetic_USFS_Class3_benchmark_cycle
21.7,1.736000,8.000000,synthetic_USFS_Class3_benchmark_cycle
21.8,1.744000,8.000000,synthetic_USFS_Class3_benchmark_cycle
21.9,1.752000,8.000000,synthetic_USFS_Class3_benchmark_cycle
22.0,1.760000,8.000000,synthetic_USFS_Class3_benchmark_cycle
22.1,1.768000,8.000000,synthetic_USFS_Class3_benchmark_cycle
22.2,1.776000,8.000000,synthetic_USFS_Class3_benchmark_cycle
22.3,1.784000,8.000000,synthetic_USFS_Class3_benchmark_cycle
22.4,1.792000,8.000000,synthetic_USFS_Class3_benchmark_cycle
22.5,1.800000,8.000000,synthetic_USFS_Class3_benchmark_cycle
22.6,1.808000,8.000000,synthetic_USFS_Class3_benchmark_cycle
22.7,1.816000,8.000000,synthetic_USFS_Class3_benchmark_cycle
22.8,1.824000,8.000000,synthetic_USFS_Class3_benchmark_cycle
22.9,1.832000,8.000000,synthetic_USFS_Class3_benchmark_cycle
23.0,1.840000,8.000000,synthetic_USFS_Class3_benchmark_cycle
23.1,1.848000,8.000000,synthetic_USFS_Class3_benchmark_cycle
23.2,1.856000,8.000000,synthetic_USFS_Class3_benchmark_cycle
23.3,1.864000,8.000000,synthetic_USFS_Class3_benchmark_cycle
23.4,1.872000,8.000000,synthetic_USFS_Class3_benchmark_cycle
23.5,1.880000,8.000000,synthetic_USFS_Class3_benchmark_cycle
23.6,1.888000,8.000000,synthetic_USFS_Class3_benchmark_cycle
23.7,1.896000,8.000000,synthetic_USFS_Class3_benchmark_cycle
23.8,1.904000,8.000000,synthetic_USFS_Class3_benchmark_cycle
23.9,1.912000,8.000000,synthetic_USFS_Class3_benchmark_cycle
24.0,1.920000,8.000000,synthetic_USFS_Class3_benchmark_cycle
24.1,1.928000,8.000000,synthetic_USFS_Class3_benchmark_cycle
24.2,1.936000,8.000000,synthetic_USFS_Class3_benchmark_cycle
24.3,1.944000,8.000000,synthetic_USFS_Class3_benchmark_cycle
24.4,1.952000,8.000000,synthetic_USFS_Class3_benchmark_cycle
24.5,1.960000,8.000000,synthetic_USFS_Class3_benchmark_cycle
24.6,1.968000,8.000000,synthetic_USFS_Class3_benchmark_cycle
24.7,1.976000,8.000000,synthetic_USFS_Class3_benchmark_cycle
24.8,1.984000,8.000000,synthetic_USFS_Class3_benchmark_cycle
24.9,1.992000,8.000000,synthetic_USFS_Class3_benchmark_cycle
25.0,2.000000,8.000000,synthetic_USFS_Class3_benchmark_cycle
25.1,2.008000,8.000000,synthetic_USFS_Class3_benchmark_cycle
25.2,2.016000,8.000000,synthetic_USFS_Class3_benchmark_cycle
25.3,2.024000,8.000000,synthetic_USFS_Class3_benchmark_cycle
25.4,2.032000,8.000000,synthetic_USFS_Class3_benchmark_cycle
25.5,2.040000,8.000000,synthetic_USFS_Class3_benchmark_cycle
25.6,2.048000,8.000000,synthetic_USFS_Class3_benchmark_cycle
25.7,2.056000,8.000000,synthetic_USFS_Class3_benchmark_cycle
25.8,2.064000,8.000000,synthetic_USFS_Class3_benchmark_cycle
25.9,2.072000,8.000000,synthetic_USFS_Class3_benchmark_cycle
26.0,2.080000,8.000000,synthetic_USFS_Class3_benchmark_cycle
26.1,2.088000,8.000000,synthetic_USFS_Class3_benchmark_cycle
26.2,2.096000,8.000000,synthetic_USFS_Class3_benchmark_cycle
26.3,2.104000,8.000000,synthetic_USFS_Class3_benchmark_cycle
26.4,2.112000,8.000000,synthetic_USFS_Class3_benchmark_cycle
26.5,2.120000,8.000000,synthetic_USFS_Class3_benchmark_cycle
26.6,2.128000,8.000000,synthetic_USFS_Class3_benchmark_cycle
26.7,2.136000,8.000000,synthetic_USFS_Class3_benchmark_cycle
26.8,2.144000,8.000000,synthetic_USFS_Class3_benchmark_cycle
26.9,2.152000,8.000000,synthetic_USFS_Class3_benchmark_cycle
27.0,2.160000,8.000000,synthetic_USFS_Class3_benchmark_cycle
27.1,2.168000,8.000000,synthetic_USFS_Class3_benchmark_cycle
27.2,2.176000,8.000000,synthetic_USFS_Class3_benchmark_cycle
27.3,2.184000,8.000000,synthetic_USFS_Class3_benchmark_cycle
27.4,2.192000,8.000000,synthetic_USFS_Class3_benchmark_cycle
27.5,2.200000,8.000000,synthetic_USFS_Class3_benchmark_cycle
27.6,2.208000,8.000000,synthetic_USFS_Class3_benchmark_cycle
27.7,2.216000,8.000000,synthetic_USFS_Class3_benchmark_cycle
27.8,2.224000,8.000000,synthetic_USFS_Class3_benchmark_cycle
27.9,2.232000,8.000000,synthetic_USFS_Class3_benchmark_cycle
28.0,2.240000,8.000000,synthetic_USFS_Class3_benchmark_cycle
28.1,2.248000,8.000000,synthetic_USFS_Class3_benchmark_cycle
28.2,2.256000,8.000000,synthetic_USFS_Class3_benchmark_cycle
28.3,2.264000,8.000000,synthetic_USFS_Class3_benchmark_cycle
28.4,2.272000,8.000000,synthetic_USFS_Class3_benchmark_cycle
28.5,2.280000,8.000000,synthetic_USFS_Class3_benchmark_cycle
28.6,2.288000,8.000000,synthetic_USFS_Class3_benchmark_cycle
28.7,2.296000,8.000000,synthetic_USFS_Class3_benchmark_cycle
28.8,2.304000,8.000000,synthetic_USFS_Class3_benchmark_cycle
28.9,2.312000,8.000000,synthetic_USFS_Class3_benchmark_cycle
29.0,2.320000,8.000000,synthetic_USFS_Class3_benchmark_cycle
29.1,2.328000,8.000000,synthetic_USFS_Class3_benchmark_cycle
29.2,2.336000,8.000000,synthetic_USFS_Class3_benchmark_cycle
29.3,2.344000,8.000000,synthetic_USFS_Class3_benchmark_cycle
29.4,2.352000,8.000000,synthetic_USFS_Class3_benchmark_cycle
29.5,2.360000,8.000000,synthetic_USFS_Class3_benchmark_cycle
29.6,2.368000,8.000000,synthetic_USFS_Class3_benchmark_cycle
29.7,2.376000,8.000000,synthetic_USFS_Class3_benchmark_cycle
29.8,2.384000,8.000000,synthetic_USFS_Class3_benchmark_cycle
29.9,2.392000,8.000000,synthetic_USFS_Class3_benchmark_cycle
30.0,2.400000,8.000000,synthetic_USFS_Class3_benchmark_cycle
30.1,2.408000,8.000000,synthetic_USFS_Class3_benchmark_cycle
30.2,2.416000,8.000000,synthetic_USFS_Class3_benchmark_cycle
30.3,2.424000,8.000000,synthetic_USFS_Class3_benchmark_cycle
30.4,2.432000,8.000000,synthetic_USFS_Class3_benchmark_cycle
30.5,2.440000,8.000000,synthetic_USFS_Class3_benchmark_cycle
30.6,2.448000,8.000000,synthetic_USFS_Class3_benchmark_cycle
30.7,2.456000,8.000000,synthetic_USFS_Class3_benchmark_cycle
30.8,2.464000,8.000000,synthetic_USFS_Class3_benchmark_cycle
30.9,2.472000,8.000000,synthetic_USFS_Class3_benchmark_cycle
31.0,2.480000,8.000000,synthetic_USFS_Class3_benchmark_cycle
31.1,2.488000,8.000000,synthetic_USFS_Class3_benchmark_cycle
31.2,2.496000,8.000000,synthetic_USFS_Class3_benchmark_cycle
31.3,2.504000,8.000000,synthetic_USFS_Class3_benchmark_cycle
31.4,2.512000,8.000000,synthetic_USFS_Class3_benchmark_cycle
31.5,2.520000,8.000000,synthetic_USFS_Class3_benchmark_cycle
31.6,2.528000,8.000000,synthetic_USFS_Class3_benchmark_cycle
31.7,2.536000,8.000000,synthetic_USFS_Class3_benchmark_cycle
31.8,2.544000,8.000000,synthetic_USFS_Class3_benchmark_cycle
31.9,2.552000,8.000000,synthetic_USFS_Class3_benchmark_cycle
32.0,2.560000,8.000000,synthetic_USFS_Class3_benchmark_cycle
32.1,2.568000,8.000000,synthetic_USFS_Class3_benchmark_cycle
32.2,2.576000,8.000000,synthetic_USFS_Class3_benchmark_cycle
32.3,2.584000,8.000000,synthetic_USFS_Class3_benchmark_cycle
32.4,2.592000,8.000000,synthetic_USFS_Class3_benchmark_cycle
32.5,2.600000,8.000000,synthetic_USFS_Class3_benchmark_cycle
32.6,2.608000,8.000000,synthetic_USFS_Class3_benchmark_cycle
32.7,2.616000,8.000000,synthetic_USFS_Class3_benchmark_cycle
32.8,2.624000,8.000000,synthetic_USFS_Class3_benchmark_cycle
32.9,2.632000,8.000000,synthetic_USFS_Class3_benchmark_cycle
33.0,2.640000,8.000000,synthetic_USFS_Class3_benchmark_cycle
33.1,2.648000,8.000000,synthetic_USFS_Class3_benchmark_cycle
33.2,2.656000,8.000000,synthetic_USFS_Class3_benchmark_cycle
33.3,2.664000,8.000000,synthetic_USFS_Class3_benchmark_cycle
33.4,2.672000,8.000000,synthetic_USFS_Class3_benchmark_cycle
33.5,2.680000,8.000000,synthetic_USFS_Class3_benchmark_cycle
33.6,2.688000,8.000000,synthetic_USFS_Class3_benchmark_cycle
33.7,2.696000,8.000000,synthetic_USFS_Class3_benchmark_cycle
33.8,2.704000,8.000000,synthetic_USFS_Class3_benchmark_cycle
33.9,2.712000,8.000000,synthetic_USFS_Class3_benchmark_cycle
34.0,2.720000,8.000000,synthetic_USFS_Class3_benchmark_cycle
34.1,2.728000,8.000000,synthetic_USFS_Class3_benchmark_cycle
34.2,2.736000,8.000000,synthetic_USFS_Class3_benchmark_cycle
34.3,2.744000,8.000000,synthetic_USFS_Class3_benchmark_cycle
34.4,2.752000,8.000000,synthetic_USFS_Class3_benchmark_cycle
34.5,2.760000,8.000000,synthetic_USFS_Class3_benchmark_cycle
34.6,2.768000,8.000000,synthetic_USFS_Class3_benchmark_cycle
34.7,2.776000,8.000000,synthetic_USFS_Class3_benchmark_cycle
34.8,2.784000,8.000000,synthetic_USFS_Class3_benchmark_cycle
34.9,2.792000,8.000000,synthetic_USFS_Class3_benchmark_cycle
35.0,2.800000,8.000000,synthetic_USFS_Class3_benchmark_cycle
35.1,2.808000,8.000000,synthetic_USFS_Class3_benchmark_cycle
35.2,2.816000,8.000000,synthetic_USFS_Class3_benchmark_cycle
35.3,2.824000,8.000000,synthetic_USFS_Class3_benchmark_cycle
35.4,2.832000,8.000000,synthetic_USFS_Class3_benchmark_cycle
35.5,2.840000,8.000000,synthetic_USFS_Class3_benchmark_cycle
35.6,2.848000,8.000000,synthetic_USFS_Class3_benchmark_cycle
35.7,2.856000,8.000000,synthetic_USFS_Class3_benchmark_cycle
35.8,2.864000,8.000000,synthetic_USFS_Class3_benchmark_cycle
35.9,2.872000,8.000000,synthetic_USFS_Class3_benchmark_cycle
36.0,2.880000,8.000000,synthetic_USFS_Class3_benchmark_cycle
36.1,2.888000,8.000000,synthetic_USFS_Class3_benchmark_cycle
36.2,2.896000,8.000000,synthetic_USFS_Class3_benchmark_cycle
36.3,2.904000,8.000000,synthetic_USFS_Class3_benchmark_cycle
36.4,2.912000,8.000000,synthetic_USFS_Class3_benchmark_cycle
36.5,2.920000,8.000000,synthetic_USFS_Class3_benchmark_cycle
36.6,2.928000,8.000000,synthetic_USFS_Class3_benchmark_cycle
36.7,2.936000,8.000000,synthetic_USFS_Class3_benchmark_cycle
36.8,2.944000,8.000000,synthetic_USFS_Class3_benchmark_cycle
36.9,2.952000,8.000000,synthetic_USFS_Class3_benchmark_cycle
37.0,2.960000,8.000000,synthetic_USFS_Class3_benchmark_cycle
37.1,2.968000,8.000000,synthetic_USFS_Class3_benchmark_cycle
37.2,2.976000,8.000000,synthetic_USFS_Class3_benchmark_cycle
37.3,2.984000,8.000000,synthetic_USFS_Class3_benchmark_cycle
37.4,2.992000,8.000000,synthetic_USFS_Class3_benchmark_cycle
37.5,3.000000,8.000000,synthetic_USFS_Class3_benchmark_cycle
37.6,3.008000,8.000000,synthetic_USFS_Class3_benchmark_cycle
37.7,3.016000,8.000000,synthetic_USFS_Class3_benchmark_cycle
37.8,3.024000,8.000000,synthetic_USFS_Class3_benchmark_cycle
37.9,3.032000,8.000000,synthetic_USFS_Class3_benchmark_cycle
38.0,3.040000,8.000000,synthetic_USFS_Class3_benchmark_cycle
38.1,3.048000,8.000000,synthetic_USFS_Class3_benchmark_cycle
38.2,3.056000,8.000000,synthetic_USFS_Class3_benchmark_cycle
38.3,3.064000,8.000000,synthetic_USFS_Class3_benchmark_cycle
38.4,3.072000,8.000000,synthetic_USFS_Class3_benchmark_cycle
38.5,3.080000,8.000000,synthetic_USFS_Class3_benchmark_cycle
38.6,3.088000,8.000000,synthetic_USFS_Class3_benchmark_cycle
38.7,3.096000,8.000000,synthetic_USFS_Class3_benchmark_cycle
38.8,3.104000,8.000000,synthetic_USFS_Class3_benchmark_cycle
38.9,3.112000,8.000000,synthetic_USFS_Class3_benchmark_cycle
39.0,3.120000,8.000000,synthetic_USFS_Class3_benchmark_cycle
39.1,3.128000,8.000000,synthetic_USFS_Class3_benchmark_cycle
39.2,3.136000,8.000000,synthetic_USFS_Class3_benchmark_cycle
39.3,3.144000,8.000000,synthetic_USFS_Class3_benchmark_cycle
39.4,3.152000,8.000000,synthetic_USFS_Class3_benchmark_cycle
39.5,3.160000,8.000000,synthetic_USFS_Class3_benchmark_cycle
39.6,3.168000,8.000000,synthetic_USFS_Class3_benchmark_cycle
39.7,3.176000,8.000000,synthetic_USFS_Class3_benchmark_cycle
39.8,3.184000,8.000000,synthetic_USFS_Class3_benchmark_cycle
39.9,3.192000,8.000000,synthetic_USFS_Class3_benchmark_cycle
40.0,3.200000,8.000000,synthetic_USFS_Class3_benchmark_cycle
40.1,3.208008,8.016773,synthetic_USFS_Class3_benchmark_cycle
40.2,3.216050,8.067025,synthetic_USFS_Class3_benchmark_cycle
40.3,3.224159,8.150558,synthetic_USFS_Class3_benchmark_cycle
40.4,3.232368,8.267043,synthetic_USFS_Class3_benchmark_cycle
40.5,3.240709,8.416020,synthetic_USFS_Class3_benchmark_cycle
40.6,3.249216,8.596900,synthetic_USFS_Class3_benchmark_cycle
40.7,3.257919,8.808970,synthetic_USFS_Class3_benchmark_cycle
40.8,3.266849,9.051393,synthetic_USFS_Class3_benchmark_cycle
40.9,3.276036,9.323213,synthetic_USFS_Class3_benchmark_cycle
41.0,3.285510,9.623356,synthetic_USFS_Class3_benchmark_cycle
41.1,3.295297,9.950637,synthetic_USFS_Class3_benchmark_cycle
41.2,3.305424,10.303767,synthetic_USFS_Class3_benchmark_cycle
41.3,3.315916,10.681350,synthetic_USFS_Class3_benchmark_cycle
41.4,3.326798,11.081896,synthetic_USFS_Class3_benchmark_cycle
41.5,3.338091,11.503825,synthetic_USFS_Class3_benchmark_cycle
41.6,3.349815,11.945472,synthetic_USFS_Class3_benchmark_cycle
41.7,3.361991,12.405094,synthetic_USFS_Class3_benchmark_cycle
41.8,3.374634,12.880876,synthetic_USFS_Class3_benchmark_cycle
41.9,3.387760,13.370941,synthetic_USFS_Class3_benchmark_cycle
42.0,3.401382,13.873356,synthetic_USFS_Class3_benchmark_cycle
42.1,3.415512,14.386136,synthetic_USFS_Class3_benchmark_cycle
42.2,3.430158,14.907259,synthetic_USFS_Class3_benchmark_cycle
42.3,3.445329,15.434668,synthetic_USFS_Class3_benchmark_cycle
42.4,3.461030,15.966281,synthetic_USFS_Class3_benchmark_cycle
42.5,3.477263,16.500000,synthetic_USFS_Class3_benchmark_cycle
42.6,3.494030,17.033719,synthetic_USFS_Class3_benchmark_cycle
42.7,3.511329,17.565332,synthetic_USFS_Class3_benchmark_cycle
42.8,3.529158,18.092741,synthetic_USFS_Class3_benchmark_cycle
42.9,3.547512,18.613864,synthetic_USFS_Class3_benchmark_cycle
43.0,3.566382,19.126644,synthetic_USFS_Class3_benchmark_cycle
43.1,3.585760,19.629059,synthetic_USFS_Class3_benchmark_cycle
43.2,3.605634,20.119124,synthetic_USFS_Class3_benchmark_cycle
43.3,3.625991,20.594906,synthetic_USFS_Class3_benchmark_cycle
43.4,3.646815,21.054528,synthetic_USFS_Class3_benchmark_cycle
43.5,3.668091,21.496175,synthetic_USFS_Class3_benchmark_cycle
43.6,3.689798,21.918104,synthetic_USFS_Class3_benchmark_cycle
43.7,3.711916,22.318650,synthetic_USFS_Class3_benchmark_cycle
43.8,3.734424,22.696233,synthetic_USFS_Class3_benchmark_cycle
43.9,3.757297,23.049363,synthetic_USFS_Class3_benchmark_cycle
44.0,3.780510,23.376644,synthetic_USFS_Class3_benchmark_cycle
44.1,3.804036,23.676787,synthetic_USFS_Class3_benchmark_cycle
44.2,3.827849,23.948607,synthetic_USFS_Class3_benchmark_cycle
44.3,3.851919,24.191030,synthetic_USFS_Class3_benchmark_cycle
44.4,3.876216,24.403100,synthetic_USFS_Class3_benchmark_cycle
44.5,3.900709,24.583980,synthetic_USFS_Class3_benchmark_cycle
44.6,3.925368,24.732957,synthetic_USFS_Class3_benchmark_cycle
44.7,3.950159,24.849442,synthetic_USFS_Class3_benchmark_cycle
44.8,3.975050,24.932975,synthetic_USFS_Class3_benchmark_cycle
44.9,4.000008,24.983227,synthetic_USFS_Class3_benchmark_cycle
45.0,4.025000,25.000000,synthetic_USFS_Class3_benchmark_cycle
45.1,4.050000,25.000000,synthetic_USFS_Class3_benchmark_cycle
45.2,4.075000,25.000000,synthetic_USFS_Class3_benchmark_cycle
45.3,4.100000,25.000000,synthetic_USFS_Class3_benchmark_cycle
45.4,4.125000,25.000000,synthetic_USFS_Class3_benchmark_cycle
45.5,4.150000,25.000000,synthetic_USFS_Class3_benchmark_cycle
45.6,4.175000,25.000000,synthetic_USFS_Class3_benchmark_cycle
45.7,4.200000,25.000000,synthetic_USFS_Class3_benchmark_cycle
45.8,4.225000,25.000000,synthetic_USFS_Class3_benchmark_cycle
45.9,4.250000,25.000000,synthetic_USFS_Class3_benchmark_cycle
46.0,4.275000,25.000000,synthetic_USFS_Class3_benchmark_cycle
46.1,4.300000,25.000000,synthetic_USFS_Class3_benchmark_cycle
46.2,4.325000,25.000000,synthetic_USFS_Class3_benchmark_cycle
46.3,4.350000,25.000000,synthetic_USFS_Class3_benchmark_cycle
46.4,4.375000,25.000000,synthetic_USFS_Class3_benchmark_cycle
46.5,4.400000,25.000000,synthetic_USFS_Class3_benchmark_cycle
46.6,4.425000,25.000000,synthetic_USFS_Class3_benchmark_cycle
46.7,4.450000,25.000000,synthetic_USFS_Class3_benchmark_cycle
46.8,4.475000,25.000000,synthetic_USFS_Class3_benchmark_cycle
46.9,4.500000,25.000000,synthetic_USFS_Class3_benchmark_cycle
47.0,4.525000,25.000000,synthetic_USFS_Class3_benchmark_cycle
47.1,4.550000,25.000000,synthetic_USFS_Class3_benchmark_cycle
47.2,4.575000,25.000000,synthetic_USFS_Class3_benchmark_cycle
47.3,4.600000,25.000000,synthetic_USFS_Class3_benchmark_cycle
47.4,4.625000,25.000000,synthetic_USFS_Class3_benchmark_cycle
47.5,4.650000,25.000000,synthetic_USFS_Class3_benchmark_cycle
47.6,4.675000,25.000000,synthetic_USFS_Class3_benchmark_cycle
47.7,4.700000,25.000000,synthetic_USFS_Class3_benchmark_cycle
47.8,4.725000,25.000000,synthetic_USFS_Class3_benchmark_cycle
47.9,4.750000,25.000000,synthetic_USFS_Class3_benchmark_cycle
48.0,4.775000,25.000000,synthetic_USFS_Class3_benchmark_cycle
48.1,4.800000,25.000000,synthetic_USFS_Class3_benchmark_cycle
48.2,4.825000,25.000000,synthetic_USFS_Class3_benchmark_cycle
48.3,4.850000,25.000000,synthetic_USFS_Class3_benchmark_cycle
48.4,4.875000,25.000000,synthetic_USFS_Class3_benchmark_cycle
48.5,4.900000,25.000000,synthetic_USFS_Class3_benchmark_cycle
48.6,4.925000,25.000000,synthetic_USFS_Class3_benchmark_cycle
48.7,4.950000,25.000000,synthetic_USFS_Class3_benchmark_cycle
48.8,4.975000,25.000000,synthetic_USFS_Class3_benchmark_cycle
48.9,5.000000,25.000000,synthetic_USFS_Class3_benchmark_cycle
49.0,5.025000,25.000000,synthetic_USFS_Class3_benchmark_cycle
49.1,5.050000,25.000000,synthetic_USFS_Class3_benchmark_cycle
49.2,5.075000,25.000000,synthetic_USFS_Class3_benchmark_cycle
49.3,5.100000,25.000000,synthetic_USFS_Class3_benchmark_cycle
49.4,5.125000,25.000000,synthetic_USFS_Class3_benchmark_cycle
49.5,5.150000,25.000000,synthetic_USFS_Class3_benchmark_cycle
49.6,5.175000,25.000000,synthetic_USFS_Class3_benchmark_cycle
49.7,5.200000,25.000000,synthetic_USFS_Class3_benchmark_cycle
49.8,5.225000,25.000000,synthetic_USFS_Class3_benchmark_cycle
49.9,5.250000,25.000000,synthetic_USFS_Class3_benchmark_cycle
50.0,5.275000,25.000000,synthetic_USFS_Class3_benchmark_cycle
50.1,5.300000,25.000000,synthetic_USFS_Class3_benchmark_cycle
50.2,5.325000,25.000000,synthetic_USFS_Class3_benchmark_cycle
50.3,5.350000,25.000000,synthetic_USFS_Class3_benchmark_cycle
50.4,5.375000,25.000000,synthetic_USFS_Class3_benchmark_cycle
50.5,5.400000,25.000000,synthetic_USFS_Class3_benchmark_cycle
50.6,5.425000,25.000000,synthetic_USFS_Class3_benchmark_cycle
50.7,5.450000,25.000000,synthetic_USFS_Class3_benchmark_cycle
50.8,5.475000,25.000000,synthetic_USFS_Class3_benchmark_cycle
50.9,5.500000,25.000000,synthetic_USFS_Class3_benchmark_cycle
51.0,5.525000,25.000000,synthetic_USFS_Class3_benchmark_cycle
51.1,5.550000,25.000000,synthetic_USFS_Class3_benchmark_cycle
51.2,5.575000,25.000000,synthetic_USFS_Class3_benchmark_cycle
51.3,5.600000,25.000000,synthetic_USFS_Class3_benchmark_cycle
51.4,5.625000,25.000000,synthetic_USFS_Class3_benchmark_cycle
51.5,5.650000,25.000000,synthetic_USFS_Class3_benchmark_cycle
51.6,5.675000,25.000000,synthetic_USFS_Class3_benchmark_cycle
51.7,5.700000,25.000000,synthetic_USFS_Class3_benchmark_cycle
51.8,5.725000,25.000000,synthetic_USFS_Class3_benchmark_cycle
51.9,5.750000,25.000000,synthetic_USFS_Class3_benchmark_cycle
52.0,5.775000,25.000000,synthetic_USFS_Class3_benchmark_cycle
52.1,5.800000,25.000000,synthetic_USFS_Class3_benchmark_cycle
52.2,5.825000,25.000000,synthetic_USFS_Class3_benchmark_cycle
52.3,5.850000,25.000000,synthetic_USFS_Class3_benchmark_cycle
52.4,5.875000,25.000000,synthetic_USFS_Class3_benchmark_cycle
52.5,5.900000,25.000000,synthetic_USFS_Class3_benchmark_cycle
52.6,5.925000,25.000000,synthetic_USFS_Class3_benchmark_cycle
52.7,5.950000,25.000000,synthetic_USFS_Class3_benchmark_cycle
52.8,5.975000,25.000000,synthetic_USFS_Class3_benchmark_cycle
52.9,6.000000,25.000000,synthetic_USFS_Class3_benchmark_cycle
53.0,6.025000,25.000000,synthetic_USFS_Class3_benchmark_cycle
53.1,6.050000,25.000000,synthetic_USFS_Class3_benchmark_cycle
53.2,6.075000,25.000000,synthetic_USFS_Class3_benchmark_cycle
53.3,6.100000,25.000000,synthetic_USFS_Class3_benchmark_cycle
53.4,6.125000,25.000000,synthetic_USFS_Class3_benchmark_cycle
53.5,6.150000,25.000000,synthetic_USFS_Class3_benchmark_cycle
53.6,6.175000,25.000000,synthetic_USFS_Class3_benchmark_cycle
53.7,6.200000,25.000000,synthetic_USFS_Class3_benchmark_cycle
53.8,6.225000,25.000000,synthetic_USFS_Class3_benchmark_cycle
53.9,6.250000,25.000000,synthetic_USFS_Class3_benchmark_cycle
54.0,6.275000,25.000000,synthetic_USFS_Class3_benchmark_cycle
54.1,6.300000,25.000000,synthetic_USFS_Class3_benchmark_cycle
54.2,6.325000,25.000000,synthetic_USFS_Class3_benchmark_cycle
54.3,6.350000,25.000000,synthetic_USFS_Class3_benchmark_cycle
54.4,6.375000,25.000000,synthetic_USFS_Class3_benchmark_cycle
54.5,6.400000,25.000000,synthetic_USFS_Class3_benchmark_cycle
54.6,6.425000,25.000000,synthetic_USFS_Class3_benchmark_cycle
54.7,6.450000,25.000000,synthetic_USFS_Class3_benchmark_cycle
54.8,6.475000,25.000000,synthetic_USFS_Class3_benchmark_cycle
54.9,6.500000,25.000000,synthetic_USFS_Class3_benchmark_cycle
55.0,6.525000,25.000000,synthetic_USFS_Class3_benchmark_cycle
55.1,6.550000,25.000000,synthetic_USFS_Class3_benchmark_cycle
55.2,6.575000,25.000000,synthetic_USFS_Class3_benchmark_cycle
55.3,6.600000,25.000000,synthetic_USFS_Class3_benchmark_cycle
55.4,6.625000,25.000000,synthetic_USFS_Class3_benchmark_cycle
55.5,6.650000,25.000000,synthetic_USFS_Class3_benchmark_cycle
55.6,6.675000,25.000000,synthetic_USFS_Class3_benchmark_cycle
55.7,6.700000,25.000000,synthetic_USFS_Class3_benchmark_cycle
55.8,6.725000,25.000000,synthetic_USFS_Class3_benchmark_cycle
55.9,6.750000,25.000000,synthetic_USFS_Class3_benchmark_cycle
56.0,6.775000,25.000000,synthetic_USFS_Class3_benchmark_cycle
56.1,6.800000,25.000000,synthetic_USFS_Class3_benchmark_cycle
56.2,6.825000,25.000000,synthetic_USFS_Class3_benchmark_cycle
56.3,6.850000,25.000000,synthetic_USFS_Class3_benchmark_cycle
56.4,6.875000,25.000000,synthetic_USFS_Class3_benchmark_cycle
56.5,6.900000,25.000000,synthetic_USFS_Class3_benchmark_cycle
56.6,6.925000,25.000000,synthetic_USFS_Class3_benchmark_cycle
56.7,6.950000,25.000000,synthetic_USFS_Class3_benchmark_cycle
56.8,6.975000,25.000000,synthetic_USFS_Class3_benchmark_cycle
56.9,7.000000,25.000000,synthetic_USFS_Class3_benchmark_cycle
57.0,7.025000,25.000000,synthetic_USFS_Class3_benchmark_cycle
57.1,7.050000,25.000000,synthetic_USFS_Class3_benchmark_cycle
57.2,7.075000,25.000000,synthetic_USFS_Class3_benchmark_cycle
57.3,7.100000,25.000000,synthetic_USFS_Class3_benchmark_cycle
57.4,7.125000,25.000000,synthetic_USFS_Class3_benchmark_cycle
57.5,7.150000,25.000000,synthetic_USFS_Class3_benchmark_cycle
57.6,7.175000,25.000000,synthetic_USFS_Class3_benchmark_cycle
57.7,7.200000,25.000000,synthetic_USFS_Class3_benchmark_cycle
57.8,7.225000,25.000000,synthetic_USFS_Class3_benchmark_cycle
57.9,7.250000,25.000000,synthetic_USFS_Class3_benchmark_cycle
58.0,7.275000,25.000000,synthetic_USFS_Class3_benchmark_cycle
58.1,7.300000,25.000000,synthetic_USFS_Class3_benchmark_cycle
58.2,7.325000,25.000000,synthetic_USFS_Class3_benchmark_cycle
58.3,7.350000,25.000000,synthetic_USFS_Class3_benchmark_cycle
58.4,7.375000,25.000000,synthetic_USFS_Class3_benchmark_cycle
58.5,7.400000,25.000000,synthetic_USFS_Class3_benchmark_cycle
58.6,7.425000,25.000000,synthetic_USFS_Class3_benchmark_cycle
58.7,7.450000,25.000000,synthetic_USFS_Class3_benchmark_cycle
58.8,7.475000,25.000000,synthetic_USFS_Class3_benchmark_cycle
58.9,7.500000,25.000000,synthetic_USFS_Class3_benchmark_cycle
59.0,7.525000,25.000000,synthetic_USFS_Class3_benchmark_cycle
59.1,7.550000,25.000000,synthetic_USFS_Class3_benchmark_cycle
59.2,7.575000,25.000000,synthetic_USFS_Class3_benchmark_cycle
59.3,7.600000,25.000000,synthetic_USFS_Class3_benchmark_cycle
59.4,7.625000,25.000000,synthetic_USFS_Class3_benchmark_cycle
59.5,7.650000,25.000000,synthetic_USFS_Class3_benchmark_cycle
59.6,7.675000,25.000000,synthetic_USFS_Class3_benchmark_cycle
59.7,7.700000,25.000000,synthetic_USFS_Class3_benchmark_cycle
59.8,7.725000,25.000000,synthetic_USFS_Class3_benchmark_cycle
59.9,7.750000,25.000000,synthetic_USFS_Class3_benchmark_cycle
60.0,7.775000,25.000000,synthetic_USFS_Class3_benchmark_cycle
60.1,7.800000,25.000000,synthetic_USFS_Class3_benchmark_cycle
60.2,7.825000,25.000000,synthetic_USFS_Class3_benchmark_cycle
60.3,7.850000,25.000000,synthetic_USFS_Class3_benchmark_cycle
60.4,7.875000,25.000000,synthetic_USFS_Class3_benchmark_cycle
60.5,7.900000,25.000000,synthetic_USFS_Class3_benchmark_cycle
60.6,7.925000,25.000000,synthetic_USFS_Class3_benchmark_cycle
60.7,7.950000,25.000000,synthetic_USFS_Class3_benchmark_cycle
60.8,7.975000,25.000000,synthetic_USFS_Class3_benchmark_cycle
60.9,8.000000,25.000000,synthetic_USFS_Class3_benchmark_cycle
61.0,8.025000,25.000000,synthetic_USFS_Class3_benchmark_cycle
61.1,8.050000,25.000000,synthetic_USFS_Class3_benchmark_cycle
61.2,8.075000,25.000000,synthetic_USFS_Class3_benchmark_cycle
61.3,8.100000,25.000000,synthetic_USFS_Class3_benchmark_cycle
61.4,8.125000,25.000000,synthetic_USFS_Class3_benchmark_cycle
61.5,8.150000,25.000000,synthetic_USFS_Class3_benchmark_cycle
61.6,8.175000,25.000000,synthetic_USFS_Class3_benchmark_cycle
61.7,8.200000,25.000000,synthetic_USFS_Class3_benchmark_cycle
61.8,8.225000,25.000000,synthetic_USFS_Class3_benchmark_cycle
61.9,8.250000,25.000000,synthetic_USFS_Class3_benchmark_cycle
62.0,8.275000,25.000000,synthetic_USFS_Class3_benchmark_cycle
62.1,8.300000,25.000000,synthetic_USFS_Class3_benchmark_cycle
62.2,8.325000,25.000000,synthetic_USFS_Class3_benchmark_cycle
62.3,8.350000,25.000000,synthetic_USFS_Class3_benchmark_cycle
62.4,8.375000,25.000000,synthetic_USFS_Class3_benchmark_cycle
62.5,8.400000,25.000000,synthetic_USFS_Class3_benchmark_cycle
62.6,8.425000,25.000000,synthetic_USFS_Class3_benchmark_cycle
62.7,8.450000,25.000000,synthetic_USFS_Class3_benchmark_cycle
62.8,8.475000,25.000000,synthetic_USFS_Class3_benchmark_cycle
62.9,8.500000,25.000000,synthetic_USFS_Class3_benchmark_cycle
63.0,8.525000,25.000000,synthetic_USFS_Class3_benchmark_cycle
63.1,8.550000,25.000000,synthetic_USFS_Class3_benchmark_cycle
63.2,8.575000,25.000000,synthetic_USFS_Class3_benchmark_cycle
63.3,8.600000,25.000000,synthetic_USFS_Class3_benchmark_cycle
63.4,8.625000,25.000000,synthetic_USFS_Class3_benchmark_cycle
63.5,8.650000,25.000000,synthetic_USFS_Class3_benchmark_cycle
63.6,8.675000,25.000000,synthetic_USFS_Class3_benchmark_cycle
63.7,8.700000,25.000000,synthetic_USFS_Class3_benchmark_cycle
63.8,8.725000,25.000000,synthetic_USFS_Class3_benchmark_cycle
63.9,8.750000,25.000000,synthetic_USFS_Class3_benchmark_cycle
64.0,8.775000,25.000000,synthetic_USFS_Class3_benchmark_cycle
64.1,8.800000,25.000000,synthetic_USFS_Class3_benchmark_cycle
64.2,8.825000,25.000000,synthetic_USFS_Class3_benchmark_cycle
64.3,8.850000,25.000000,synthetic_USFS_Class3_benchmark_cycle
64.4,8.875000,25.000000,synthetic_USFS_Class3_benchmark_cycle
64.5,8.900000,25.000000,synthetic_USFS_Class3_benchmark_cycle
64.6,8.925000,25.000000,synthetic_USFS_Class3_benchmark_cycle
64.7,8.950000,25.000000,synthetic_USFS_Class3_benchmark_cycle
64.8,8.975000,25.000000,synthetic_USFS_Class3_benchmark_cycle
64.9,9.000000,25.000000,synthetic_USFS_Class3_benchmark_cycle
65.0,9.025000,25.000000,synthetic_USFS_Class3_benchmark_cycle
65.1,9.049992,24.983227,synthetic_USFS_Class3_benchmark_cycle
65.2,9.074950,24.932975,synthetic_USFS_Class3_benchmark_cycle
65.3,9.099841,24.849442,synthetic_USFS_Class3_benchmark_cycle
65.4,9.124632,24.732957,synthetic_USFS_Class3_benchmark_cycle
65.5,9.149291,24.583980,synthetic_USFS_Class3_benchmark_cycle
65.6,9.173784,24.403100,synthetic_USFS_Class3_benchmark_cycle
65.7,9.198081,24.191030,synthetic_USFS_Class3_benchmark_cycle
65.8,9.222151,23.948607,synthetic_USFS_Class3_benchmark_cycle
65.9,9.245964,23.676787,synthetic_USFS_Class3_benchmark_cycle
66.0,9.269490,23.376644,synthetic_USFS_Class3_benchmark_cycle
66.1,9.292703,23.049363,synthetic_USFS_Class3_benchmark_cycle
66.2,9.315576,22.696233,synthetic_USFS_Class3_benchmark_cycle
66.3,9.338084,22.318650,synthetic_USFS_Class3_benchmark_cycle
66.4,9.360202,21.918104,synthetic_USFS_Class3_benchmark_cycle
66.5,9.381909,21.496175,synthetic_USFS_Class3_benchmark_cycle
66.6,9.403185,21.054528,synthetic_USFS_Class3_benchmark_cycle
66.7,9.424009,20.594906,synthetic_USFS_Class3_benchmark_cycle
66.8,9.444366,20.119124,synthetic_USFS_Class3_benchmark_cycle
66.9,9.464240,19.629059,synthetic_USFS_Class3_benchmark_cycle
67.0,9.483618,19.126644,synthetic_USFS_Class3_benchmark_cycle
67.1,9.502488,18.613864,synthetic_USFS_Class3_benchmark_cycle
67.2,9.520842,18.092741,synthetic_USFS_Class3_benchmark_cycle
67.3,9.538671,17.565332,synthetic_USFS_Class3_benchmark_cycle
67.4,9.555970,17.033719,synthetic_USFS_Class3_benchmark_cycle
67.5,9.572737,16.500000,synthetic_USFS_Class3_benchmark_cycle
67.6,9.588970,15.966281,synthetic_USFS_Class3_benchmark_cycle
67.7,9.604671,15.434668,synthetic_USFS_Class3_benchmark_cycle
67.8,9.619842,14.907259,synthetic_USFS_Class3_benchmark_cycle
67.9,9.634488,14.386136,synthetic_USFS_Class3_benchmark_cycle
68.0,9.648618,13.873356,synthetic_USFS_Class3_benchmark_cycle
68.1,9.662240,13.370941,synthetic_USFS_Class3_benchmark_cycle
68.2,9.675366,12.880876,synthetic_USFS_Class3_benchmark_cycle
68.3,9.688009,12.405094,synthetic_USFS_Class3_benchmark_cycle
68.4,9.700185,11.945472,synthetic_USFS_Class3_benchmark_cycle
68.5,9.711909,11.503825,synthetic_USFS_Class3_benchmark_cycle
68.6,9.723202,11.081896,synthetic_USFS_Class3_benchmark_cycle
68.7,9.734084,10.681350,synthetic_USFS_Class3_benchmark_cycle
68.8,9.744576,10.303767,synthetic_USFS_Class3_benchmark_cycle
68.9,9.754703,9.950637,synthetic_USFS_Class3_benchmark_cycle
69.0,9.764490,9.623356,synthetic_USFS_Class3_benchmark_cycle
69.1,9.773964,9.323213,synthetic_USFS_Class3_benchmark_cycle
69.2,9.783151,9.051393,synthetic_USFS_Class3_benchmark_cycle
69.3,9.792081,8.808970,synthetic_USFS_Class3_benchmark_cycle
69.4,9.800784,8.596900,synthetic_USFS_Class3_benchmark_cycle
69.5,9.809291,8.416020,synthetic_USFS_Class3_benchmark_cycle
69.6,9.817632,8.267043,synthetic_USFS_Class3_benchmark_cycle
69.7,9.825841,8.150558,synthetic_USFS_Class3_benchmark_cycle
69.8,9.833950,8.067025,synthetic_USFS_Class3_benchmark_cycle
69.9,9.841992,8.016773,synthetic_USFS_Class3_benchmark_cycle
70.0,9.850000,8.000000,synthetic_USFS_Class3_benchmark_cycle
70.1,9.858000,8.000000,synthetic_USFS_Class3_benchmark_cycle
70.2,9.866000,8.000000,synthetic_USFS_Class3_benchmark_cycle
70.3,9.874000,8.000000,synthetic_USFS_Class3_benchmark_cycle
70.4,9.882000,8.000000,synthetic_USFS_Class3_benchmark_cycle
70.5,9.890000,8.000000,synthetic_USFS_Class3_benchmark_cycle
70.6,9.898000,8.000000,synthetic_USFS_Class3_benchmark_cycle
70.7,9.906000,8.000000,synthetic_USFS_Class3_benchmark_cycle
70.8,9.914000,8.000000,synthetic_USFS_Class3_benchmark_cycle
70.9,9.922000,8.000000,synthetic_USFS_Class3_benchmark_cycle
71.0,9.930000,8.000000,synthetic_USFS_Class3_benchmark_cycle
71.1,9.938000,8.000000,synthetic_USFS_Class3_benchmark_cycle
71.2,9.946000,8.000000,synthetic_USFS_Class3_benchmark_cycle
71.3,9.954000,8.000000,synthetic_USFS_Class3_benchmark_cycle
71.4,9.962000,8.000000,synthetic_USFS_Class3_benchmark_cycle
71.5,9.970000,8.000000,synthetic_USFS_Class3_benchmark_cycle
71.6,9.978000,8.000000,synthetic_USFS_Class3_benchmark_cycle
71.7,9.986000,8.000000,synthetic_USFS_Class3_benchmark_cycle
71.8,9.994000,8.000000,synthetic_USFS_Class3_benchmark_cycle
71.9,10.002000,8.000000,synthetic_USFS_Class3_benchmark_cycle
72.0,10.010000,8.000000,synthetic_USFS_Class3_benchmark_cycle
72.1,10.018000,8.000000,synthetic_USFS_Class3_benchmark_cycle
72.2,10.026000,8.000000,synthetic_USFS_Class3_benchmark_cycle
72.3,10.034000,8.000000,synthetic_USFS_Class3_benchmark_cycle
72.4,10.042000,8.000000,synthetic_USFS_Class3_benchmark_cycle
72.5,10.050000,8.000000,synthetic_USFS_Class3_benchmark_cycle
72.6,10.058000,8.000000,synthetic_USFS_Class3_benchmark_cycle
72.7,10.066000,8.000000,synthetic_USFS_Class3_benchmark_cycle
72.8,10.074000,8.000000,synthetic_USFS_Class3_benchmark_cycle
72.9,10.082000,8.000000,synthetic_USFS_Class3_benchmark_cycle
73.0,10.090000,8.000000,synthetic_USFS_Class3_benchmark_cycle
73.1,10.098000,8.000000,synthetic_USFS_Class3_benchmark_cycle
73.2,10.106000,8.000000,synthetic_USFS_Class3_benchmark_cycle
73.3,10.114000,8.000000,synthetic_USFS_Class3_benchmark_cycle
73.4,10.122000,8.000000,synthetic_USFS_Class3_benchmark_cycle
73.5,10.130000,8.000000,synthetic_USFS_Class3_benchmark_cycle
73.6,10.138000,8.000000,synthetic_USFS_Class3_benchmark_cycle
73.7,10.146000,8.000000,synthetic_USFS_Class3_benchmark_cycle
73.8,10.154000,8.000000,synthetic_USFS_Class3_benchmark_cycle
73.9,10.162000,8.000000,synthetic_USFS_Class3_benchmark_cycle
74.0,10.170000,8.000000,synthetic_USFS_Class3_benchmark_cycle
74.1,10.178000,8.000000,synthetic_USFS_Class3_benchmark_cycle
74.2,10.186000,8.000000,synthetic_USFS_Class3_benchmark_cycle
74.3,10.194000,8.000000,synthetic_USFS_Class3_benchmark_cycle
74.4,10.202000,8.000000,synthetic_USFS_Class3_benchmark_cycle
74.5,10.210000,8.000000,synthetic_USFS_Class3_benchmark_cycle
74.6,10.218000,8.000000,synthetic_USFS_Class3_benchmark_cycle
74.7,10.226000,8.000000,synthetic_USFS_Class3_benchmark_cycle
74.8,10.234000,8.000000,synthetic_USFS_Class3_benchmark_cycle
74.9,10.242000,8.000000,synthetic_USFS_Class3_benchmark_cycle
75.0,10.250000,8.000000,synthetic_USFS_Class3_benchmark_cycle
75.1,10.258000,8.000000,synthetic_USFS_Class3_benchmark_cycle
75.2,10.266000,8.000000,synthetic_USFS_Class3_benchmark_cycle
75.3,10.274000,8.000000,synthetic_USFS_Class3_benchmark_cycle
75.4,10.282000,8.000000,synthetic_USFS_Class3_benchmark_cycle
75.5,10.290000,8.000000,synthetic_USFS_Class3_benchmark_cycle
75.6,10.298000,8.000000,synthetic_USFS_Class3_benchmark_cycle
75.7,10.306000,8.000000,synthetic_USFS_Class3_benchmark_cycle
75.8,10.314000,8.000000,synthetic_USFS_Class3_benchmark_cycle
75.9,10.322000,8.000000,synthetic_USFS_Class3_benchmark_cycle
76.0,10.330000,8.000000,synthetic_USFS_Class3_benchmark_cycle
76.1,10.338000,8.000000,synthetic_USFS_Class3_benchmark_cycle
76.2,10.346000,8.000000,synthetic_USFS_Class3_benchmark_cycle
76.3,10.354000,8.000000,synthetic_USFS_Class3_benchmark_cycle
76.4,10.362000,8.000000,synthetic_USFS_Class3_benchmark_cycle
76.5,10.370000,8.000000,synthetic_USFS_Class3_benchmark_cycle
76.6,10.378000,8.000000,synthetic_USFS_Class3_benchmark_cycle
76.7,10.386000,8.000000,synthetic_USFS_Class3_benchmark_cycle
76.8,10.394000,8.000000,synthetic_USFS_Class3_benchmark_cycle
76.9,10.402000,8.000000,synthetic_USFS_Class3_benchmark_cycle
77.0,10.410000,8.000000,synthetic_USFS_Class3_benchmark_cycle
77.1,10.418000,8.000000,synthetic_USFS_Class3_benchmark_cycle
77.2,10.426000,8.000000,synthetic_USFS_Class3_benchmark_cycle
77.3,10.434000,8.000000,synthetic_USFS_Class3_benchmark_cycle
77.4,10.442000,8.000000,synthetic_USFS_Class3_benchmark_cycle
77.5,10.450000,8.000000,synthetic_USFS_Class3_benchmark_cycle
77.6,10.458000,8.000000,synthetic_USFS_Class3_benchmark_cycle
77.7,10.466000,8.000000,synthetic_USFS_Class3_benchmark_cycle
77.8,10.474000,8.000000,synthetic_USFS_Class3_benchmark_cycle
77.9,10.482000,8.000000,synthetic_USFS_Class3_benchmark_cycle
78.0,10.490000,8.000000,synthetic_USFS_Class3_benchmark_cycle
78.1,10.498000,8.000000,synthetic_USFS_Class3_benchmark_cycle
78.2,10.506000,8.000000,synthetic_USFS_Class3_benchmark_cycle
78.3,10.514000,8.000000,synthetic_USFS_Class3_benchmark_cycle
78.4,10.522000,8.000000,synthetic_USFS_Class3_benchmark_cycle
78.5,10.530000,8.000000,synthetic_USFS_Class3_benchmark_cycle
78.6,10.538000,8.000000,synthetic_USFS_Class3_benchmark_cycle
78.7,10.546000,8.000000,synthetic_USFS_Class3_benchmark_cycle
78.8,10.554000,8.000000,synthetic_USFS_Class3_benchmark_cycle
78.9,10.562000,8.000000,synthetic_USFS_Class3_benchmark_cycle
79.0,10.570000,8.000000,synthetic_USFS_Class3_benchmark_cycle
79.1,10.578000,8.000000,synthetic_USFS_Class3_benchmark_cycle
79.2,10.586000,8.000000,synthetic_USFS_Class3_benchmark_cycle
79.3,10.594000,8.000000,synthetic_USFS_Class3_benchmark_cycle
79.4,10.602000,8.000000,synthetic_USFS_Class3_benchmark_cycle
79.5,10.610000,8.000000,synthetic_USFS_Class3_benchmark_cycle
79.6,10.618000,8.000000,synthetic_USFS_Class3_benchmark_cycle
79.7,10.626000,8.000000,synthetic_USFS_Class3_benchmark_cycle
79.8,10.634000,8.000000,synthetic_USFS_Class3_benchmark_cycle
79.9,10.642000,8.000000,synthetic_USFS_Class3_benchmark_cycle
80.0,10.650000,8.000000,synthetic_USFS_Class3_benchmark_cycle
80.1,10.658000,8.000000,synthetic_USFS_Class3_benchmark_cycle
80.2,10.666000,8.000000,synthetic_USFS_Class3_benchmark_cycle
80.3,10.674000,8.000000,synthetic_USFS_Class3_benchmark_cycle
80.4,10.682000,8.000000,synthetic_USFS_Class3_benchmark_cycle
80.5,10.690000,8.000000,synthetic_USFS_Class3_benchmark_cycle
80.6,10.698000,8.000000,synthetic_USFS_Class3_benchmark_cycle
80.7,10.706000,8.000000,synthetic_USFS_Class3_benchmark_cycle
80.8,10.714000,8.000000,synthetic_USFS_Class3_benchmark_cycle
80.9,10.722000,8.000000,synthetic_USFS_Class3_benchmark_cycle
81.0,10.730000,8.000000,synthetic_USFS_Class3_benchmark_cycle
81.1,10.738000,8.000000,synthetic_USFS_Class3_benchmark_cycle
81.2,10.746000,8.000000,synthetic_USFS_Class3_benchmark_cycle
81.3,10.754000,8.000000,synthetic_USFS_Class3_benchmark_cycle
81.4,10.762000,8.000000,synthetic_USFS_Class3_benchmark_cycle
81.5,10.770000,8.000000,synthetic_USFS_Class3_benchmark_cycle
81.6,10.778000,8.000000,synthetic_USFS_Class3_benchmark_cycle
81.7,10.786000,8.000000,synthetic_USFS_Class3_benchmark_cycle
81.8,10.794000,8.000000,synthetic_USFS_Class3_benchmark_cycle
81.9,10.802000,8.000000,synthetic_USFS_Class3_benchmark_cycle
82.0,10.810000,8.000000,synthetic_USFS_Class3_benchmark_cycle
82.1,10.818000,8.000000,synthetic_USFS_Class3_benchmark_cycle
82.2,10.826000,8.000000,synthetic_USFS_Class3_benchmark_cycle
82.3,10.834000,8.000000,synthetic_USFS_Class3_benchmark_cycle
82.4,10.842000,8.000000,synthetic_USFS_Class3_benchmark_cycle
82.5,10.850000,8.000000,synthetic_USFS_Class3_benchmark_cycle
82.6,10.858000,8.000000,synthetic_USFS_Class3_benchmark_cycle
82.7,10.866000,8.000000,synthetic_USFS_Class3_benchmark_cycle
82.8,10.874000,8.000000,synthetic_USFS_Class3_benchmark_cycle
82.9,10.882000,8.000000,synthetic_USFS_Class3_benchmark_cycle
83.0,10.890000,8.000000,synthetic_USFS_Class3_benchmark_cycle
83.1,10.898000,8.000000,synthetic_USFS_Class3_benchmark_cycle
83.2,10.906000,8.000000,synthetic_USFS_Class3_benchmark_cycle
83.3,10.914000,8.000000,synthetic_USFS_Class3_benchmark_cycle
83.4,10.922000,8.000000,synthetic_USFS_Class3_benchmark_cycle
83.5,10.930000,8.000000,synthetic_USFS_Class3_benchmark_cycle
83.6,10.938000,8.000000,synthetic_USFS_Class3_benchmark_cycle
83.7,10.946000,8.000000,synthetic_USFS_Class3_benchmark_cycle
83.8,10.954000,8.000000,synthetic_USFS_Class3_benchmark_cycle
83.9,10.962000,8.000000,synthetic_USFS_Class3_benchmark_cycle
84.0,10.970000,8.000000,synthetic_USFS_Class3_benchmark_cycle
84.1,10.978000,8.000000,synthetic_USFS_Class3_benchmark_cycle
84.2,10.986000,8.000000,synthetic_USFS_Class3_benchmark_cycle
84.3,10.994000,8.000000,synthetic_USFS_Class3_benchmark_cycle
84.4,11.002000,8.000000,synthetic_USFS_Class3_benchmark_cycle
84.5,11.010000,8.000000,synthetic_USFS_Class3_benchmark_cycle
84.6,11.018000,8.000000,synthetic_USFS_Class3_benchmark_cycle
84.7,11.026000,8.000000,synthetic_USFS_Class3_benchmark_cycle
84.8,11.034000,8.000000,synthetic_USFS_Class3_benchmark_cycle
84.9,11.042000,8.000000,synthetic_USFS_Class3_benchmark_cycle
85.0,11.050000,8.000000,synthetic_USFS_Class3_benchmark_cycle
85.1,11.058000,8.000000,synthetic_USFS_Class3_benchmark_cycle
85.2,11.066000,8.000000,synthetic_USFS_Class3_benchmark_cycle
85.3,11.074000,8.000000,synthetic_USFS_Class3_benchmark_cycle
85.4,11.082000,8.000000,synthetic_USFS_Class3_benchmark_cycle
85.5,11.090000,8.000000,synthetic_USFS_Class3_benchmark_cycle
85.6,11.098000,8.000000,synthetic_USFS_Class3_benchmark_cycle
85.7,11.106000,8.000000,synthetic_USFS_Class3_benchmark_cycle
85.8,11.114000,8.000000,synthetic_USFS_Class3_benchmark_cycle
85.9,11.122000,8.000000,synthetic_USFS_Class3_benchmark_cycle
86.0,11.130000,8.000000,synthetic_USFS_Class3_benchmark_cycle
86.1,11.138000,8.000000,synthetic_USFS_Class3_benchmark_cycle
86.2,11.146000,8.000000,synthetic_USFS_Class3_benchmark_cycle
86.3,11.154000,8.000000,synthetic_USFS_Class3_benchmark_cycle
86.4,11.162000,8.000000,synthetic_USFS_Class3_benchmark_cycle
86.5,11.170000,8.000000,synthetic_USFS_Class3_benchmark_cycle
86.6,11.178000,8.000000,synthetic_USFS_Class3_benchmark_cycle
86.7,11.186000,8.000000,synthetic_USFS_Class3_benchmark_cycle
86.8,11.194000,8.000000,synthetic_USFS_Class3_benchmark_cycle
86.9,11.202000,8.000000,synthetic_USFS_Class3_benchmark_cycle
87.0,11.210000,8.000000,synthetic_USFS_Class3_benchmark_cycle
87.1,11.218000,8.000000,synthetic_USFS_Class3_benchmark_cycle
87.2,11.226000,8.000000,synthetic_USFS_Class3_benchmark_cycle
87.3,11.234000,8.000000,synthetic_USFS_Class3_benchmark_cycle
87.4,11.242000,8.000000,synthetic_USFS_Class3_benchmark_cycle
87.5,11.250000,8.000000,synthetic_USFS_Class3_benchmark_cycle
87.6,11.258000,8.000000,synthetic_USFS_Class3_benchmark_cycle
87.7,11.266000,8.000000,synthetic_USFS_Class3_benchmark_cycle
87.8,11.274000,8.000000,synthetic_USFS_Class3_benchmark_cycle
87.9,11.282000,8.000000,synthetic_USFS_Class3_benchmark_cycle
88.0,11.290000,8.000000,synthetic_USFS_Class3_benchmark_cycle
88.1,11.298000,8.000000,synthetic_USFS_Class3_benchmark_cycle
88.2,11.306000,8.000000,synthetic_USFS_Class3_benchmark_cycle
88.3,11.314000,8.000000,synthetic_USFS_Class3_benchmark_cycle
88.4,11.322000,8.000000,synthetic_USFS_Class3_benchmark_cycle
88.5,11.330000,8.000000,synthetic_USFS_Class3_benchmark_cycle
88.6,11.338000,8.000000,synthetic_USFS_Class3_benchmark_cycle
88.7,11.346000,8.000000,synthetic_USFS_Class3_benchmark_cycle
88.8,11.354000,8.000000,synthetic_USFS_Class3_benchmark_cycle
88.9,11.362000,8.000000,synthetic_USFS_Class3_benchmark_cycle
89.0,11.370000,8.000000,synthetic_USFS_Class3_benchmark_cycle
89.1,11.378000,8.000000,synthetic_USFS_Class3_benchmark_cycle
89.2,11.386000,8.000000,synthetic_USFS_Class3_benchmark_cycle
89.3,11.394000,8.000000,synthetic_USFS_Class3_benchmark_cycle
89.4,11.402000,8.000000,synthetic_USFS_Class3_benchmark_cycle
89.5,11.410000,8.000000,synthetic_USFS_Class3_benchmark_cycle
89.6,11.418000,8.000000,synthetic_USFS_Class3_benchmark_cycle
89.7,11.426000,8.000000,synthetic_USFS_Class3_benchmark_cycle
89.8,11.434000,8.000000,synthetic_USFS_Class3_benchmark_cycle
89.9,11.442000,8.000000,synthetic_USFS_Class3_benchmark_cycle
90.0,11.450000,8.000000,synthetic_USFS_Class3_benchmark_cycle
90.1,11.458000,8.000000,synthetic_USFS_Class3_benchmark_cycle
90.2,11.466000,8.000000,synthetic_USFS_Class3_benchmark_cycle
90.3,11.474000,8.000000,synthetic_USFS_Class3_benchmark_cycle
90.4,11.482000,8.000000,synthetic_USFS_Class3_benchmark_cycle
90.5,11.490000,8.000000,synthetic_USFS_Class3_benchmark_cycle
90.6,11.498000,8.000000,synthetic_USFS_Class3_benchmark_cycle
90.7,11.506000,8.000000,synthetic_USFS_Class3_benchmark_cycle
90.8,11.514000,8.000000,synthetic_USFS_Class3_benchmark_cycle
90.9,11.522000,8.000000,synthetic_USFS_Class3_benchmark_cycle
91.0,11.530000,8.000000,synthetic_USFS_Class3_benchmark_cycle
91.1,11.538000,8.000000,synthetic_USFS_Class3_benchmark_cycle
91.2,11.546000,8.000000,synthetic_USFS_Class3_benchmark_cycle
91.3,11.554000,8.000000,synthetic_USFS_Class3_benchmark_cycle
91.4,11.562000,8.000000,synthetic_USFS_Class3_benchmark_cycle
91.5,11.570000,8.000000,synthetic_USFS_Class3_benchmark_cycle
91.6,11.578000,8.000000,synthetic_USFS_Class3_benchmark_cycle
91.7,11.586000,8.000000,synthetic_USFS_Class3_benchmark_cycle
91.8,11.594000,8.000000,synthetic_USFS_Class3_benchmark_cycle
91.9,11.602000,8.000000,synthetic_USFS_Class3_benchmark_cycle
92.0,11.610000,8.000000,synthetic_USFS_Class3_benchmark_cycle
92.1,11.618000,8.000000,synthetic_USFS_Class3_benchmark_cycle
92.2,11.626000,8.000000,synthetic_USFS_Class3_benchmark_cycle
92.3,11.634000,8.000000,synthetic_USFS_Class3_benchmark_cycle
92.4,11.642000,8.000000,synthetic_USFS_Class3_benchmark_cycle
92.5,11.650000,8.000000,synthetic_USFS_Class3_benchmark_cycle
92.6,11.658000,8.000000,synthetic_USFS_Class3_benchmark_cycle
92.7,11.666000,8.000000,synthetic_USFS_Class3_benchmark_cycle
92.8,11.674000,8.000000,synthetic_USFS_Class3_benchmark_cycle
92.9,11.682000,8.000000,synthetic_USFS_Class3_benchmark_cycle
93.0,11.690000,8.000000,synthetic_USFS_Class3_benchmark_cycle
93.1,11.698000,8.000000,synthetic_USFS_Class3_benchmark_cycle
93.2,11.706000,8.000000,synthetic_USFS_Class3_benchmark_cycle
93.3,11.714000,8.000000,synthetic_USFS_Class3_benchmark_cycle
93.4,11.722000,8.000000,synthetic_USFS_Class3_benchmark_cycle
93.5,11.730000,8.000000,synthetic_USFS_Class3_benchmark_cycle
93.6,11.738000,8.000000,synthetic_USFS_Class3_benchmark_cycle
93.7,11.746000,8.000000,synthetic_USFS_Class3_benchmark_cycle
93.8,11.754000,8.000000,synthetic_USFS_Class3_benchmark_cycle
93.9,11.762000,8.000000,synthetic_USFS_Class3_benchmark_cycle
94.0,11.770000,8.000000,synthetic_USFS_Class3_benchmark_cycle
94.1,11.778000,8.000000,synthetic_USFS_Class3_benchmark_cycle
94.2,11.786000,8.000000,synthetic_USFS_Class3_benchmark_cycle
94.3,11.794000,8.000000,synthetic_USFS_Class3_benchmark_cycle
94.4,11.802000,8.000000,synthetic_USFS_Class3_benchmark_cycle
94.5,11.810000,8.000000,synthetic_USFS_Class3_benchmark_cycle
94.6,11.818000,8.000000,synthetic_USFS_Class3_benchmark_cycle
94.7,11.826000,8.000000,synthetic_USFS_Class3_benchmark_cycle
94.8,11.834000,8.000000,synthetic_USFS_Class3_benchmark_cycle
94.9,11.842000,8.000000,synthetic_USFS_Class3_benchmark_cycle
95.0,11.850000,8.000000,synthetic_USFS_Class3_benchmark_cycle
95.1,11.858000,8.000000,synthetic_USFS_Class3_benchmark_cycle
95.2,11.866000,8.000000,synthetic_USFS_Class3_benchmark_cycle
95.3,11.874000,8.000000,synthetic_USFS_Class3_benchmark_cycle
95.4,11.882000,8.000000,synthetic_USFS_Class3_benchmark_cycle
95.5,11.890000,8.000000,synthetic_USFS_Class3_benchmark_cycle
95.6,11.898000,8.000000,synthetic_USFS_Class3_benchmark_cycle
95.7,11.906000,8.000000,synthetic_USFS_Class3_benchmark_cycle
95.8,11.914000,8.000000,synthetic_USFS_Class3_benchmark_cycle
95.9,11.922000,8.000000,synthetic_USFS_Class3_benchmark_cycle
96.0,11.930000,8.000000,synthetic_USFS_Class3_benchmark_cycle
96.1,11.938000,8.000000,synthetic_USFS_Class3_benchmark_cycle
96.2,11.946000,8.000000,synthetic_USFS_Class3_benchmark_cycle
96.3,11.954000,8.000000,synthetic_USFS_Class3_benchmark_cycle
96.4,11.962000,8.000000,synthetic_USFS_Class3_benchmark_cycle
96.5,11.970000,8.000000,synthetic_USFS_Class3_benchmark_cycle
96.6,11.978000,8.000000,synthetic_USFS_Class3_benchmark_cycle
96.7,11.986000,8.000000,synthetic_USFS_Class3_benchmark_cycle
96.8,11.994000,8.000000,synthetic_USFS_Class3_benchmark_cycle
96.9,12.002000,8.000000,synthetic_USFS_Class3_benchmark_cycle
97.0,12.010000,8.000000,synthetic_USFS_Class3_benchmark_cycle
97.1,12.018000,8.000000,synthetic_USFS_Class3_benchmark_cycle
97.2,12.026000,8.000000,synthetic_USFS_Class3_benchmark_cycle
97.3,12.034000,8.000000,synthetic_USFS_Class3_benchmark_cycle
97.4,12.042000,8.000000,synthetic_USFS_Class3_benchmark_cycle
97.5,12.050000,8.000000,synthetic_USFS_Class3_benchmark_cycle
97.6,12.058000,8.000000,synthetic_USFS_Class3_benchmark_cycle
97.7,12.066000,8.000000,synthetic_USFS_Class3_benchmark_cycle
97.8,12.074000,8.000000,synthetic_USFS_Class3_benchmark_cycle
97.9,12.082000,8.000000,synthetic_USFS_Class3_benchmark_cycle
98.0,12.090000,8.000000,synthetic_USFS_Class3_benchmark_cycle
98.1,12.098000,8.000000,synthetic_USFS_Class3_benchmark_cycle
98.2,12.106000,8.000000,synthetic_USFS_Class3_benchmark_cycle
98.3,12.114000,8.000000,synthetic_USFS_Class3_benchmark_cycle
98.4,12.122000,8.000000,synthetic_USFS_Class3_benchmark_cycle
98.5,12.130000,8.000000,synthetic_USFS_Class3_benchmark_cycle
98.6,12.138000,8.000000,synthetic_USFS_Class3_benchmark_cycle
98.7,12.146000,8.000000,synthetic_USFS_Class3_benchmark_cycle
98.8,12.154000,8.000000,synthetic_USFS_Class3_benchmark_cycle
98.9,12.162000,8.000000,synthetic_USFS_Class3_benchmark_cycle
99.0,12.170000,8.000000,synthetic_USFS_Class3_benchmark_cycle
99.1,12.178000,8.000000,synthetic_USFS_Class3_benchmark_cycle
99.2,12.186000,8.000000,synthetic_USFS_Class3_benchmark_cycle
99.3,12.194000,8.000000,synthetic_USFS_Class3_benchmark_cycle
99.4,12.202000,8.000000,synthetic_USFS_Class3_benchmark_cycle
99.5,12.210000,8.000000,synthetic_USFS_Class3_benchmark_cycle
99.6,12.218000,8.000000,synthetic_USFS_Class3_benchmark_cycle
99.7,12.226000,8.000000,synthetic_USFS_Class3_benchmark_cycle
99.8,12.234000,8.000000,synthetic_USFS_Class3_benchmark_cycle
99.9,12.242000,8.000000,synthetic_USFS_Class3_benchmark_cycle
100.0,12.250000,8.000000,synthetic_USFS_Class3_benchmark_cycle
