distance_m,longitude_deg,latitude_deg,elevation_navd88_m,relative_elevation_m,grade_10m_baseline_percent,provenance
0.0,-78.35,38.6,685.693847656,0.0,,USGS_3DEP_1m_DEM_bilinear_sample
1.0,-78.35,38.60000900837109,685.565063477,-0.1287841790000357,,USGS_3DEP_1m_DEM_bilinear_sample
2.0,-78.35,38.600018016742155,685.463867188,-0.22998046800000793,,USGS_3DEP_1m_DEM_bilinear_sample
3.0,-78.35,38.600027025113214,685.340087891,-0.35375976499994977,,USGS_3DEP_1m_DEM_bilinear_sample
4.0,-78.35,38.60003603348425,685.216308594,-0.4775390620000053,,USGS_3DEP_1m_DEM_bilinear_sample
5.0,-78.35,38.600045041855275,685.118835449,-0.5750122069999861,-8.746948240000165,USGS_3DEP_1m_DEM_bilinear_sample
6.0,-78.35,38.600054050226284,685.015136719,-0.6787109370000053,-8.021240240000225,USGS_3DEP_1m_DEM_bilinear_sample
7.0,-78.35,38.600063058597286,685.034179688,-0.6596679680000079,-7.471923829999696,USGS_3DEP_1m_DEM_bilinear_sample
8.0,-78.35,38.600072066968266,684.954162598,-0.7396850579999636,-6.809692390000919,USGS_3DEP_1m_DEM_bilinear_sample
9.0,-78.35,38.60008107533923,684.879150391,-0.8146972649999498,-6.401367189999974,USGS_3DEP_1m_DEM_bilinear_sample
10.0,-78.35,38.60009008371019,684.819152832,-0.8746948240000165,-6.354370110000218,USGS_3DEP_1m_DEM_bilinear_sample
11.0,-78.35,38.60009909208114,684.762939453,-0.9309082030000582,-6.242675779999445,USGS_3DEP_1m_DEM_bilinear_sample
12.0,-78.35,38.60010810045207,684.716674805,-0.9771728509999775,-7.0703125,USGS_3DEP_1m_DEM_bilinear_sample
13.0,-78.35,38.60011710882298,684.659118652,-1.0347290040000416,-6.395263680000198,USGS_3DEP_1m_DEM_bilinear_sample
14.0,-78.35,38.60012611719389,684.576171875,-1.1176757810000026,-6.220703130001084,USGS_3DEP_1m_DEM_bilinear_sample
15.0,-78.35,38.60013512556477,684.483398438,-1.210449218000008,-6.433105469999418,USGS_3DEP_1m_DEM_bilinear_sample
16.0,-78.35,38.60014413393564,684.390869141,-1.3029785149999498,-6.783447259999775,USGS_3DEP_1m_DEM_bilinear_sample
17.0,-78.35,38.6001531423065,684.327148438,-1.366699218000008,-7.4609375,USGS_3DEP_1m_DEM_bilinear_sample
18.0,-78.35,38.60016215067735,684.31463623,-1.3792114259999835,-8.08166503999928,USGS_3DEP_1m_DEM_bilinear_sample
19.0,-78.35,38.60017115904818,684.257080078,-1.4367675780000582,-8.239746089999471,USGS_3DEP_1m_DEM_bilinear_sample
20.0,-78.35,38.600180167419,684.175842285,-1.5180053709999584,-7.6623535199996695,USGS_3DEP_1m_DEM_bilinear_sample
21.0,-78.35,38.6001891757898,684.084594727,-1.6092529290000357,-8.099365240000225,USGS_3DEP_1m_DEM_bilinear_sample
22.0,-78.35,38.60019818416059,683.970581055,-1.7232666009999775,-8.749389649999557,USGS_3DEP_1m_DEM_bilinear_sample
23.0,-78.35,38.600207192531364,683.850952148,-1.8428955079999696,-9.424438470000496,USGS_3DEP_1m_DEM_bilinear_sample
24.0,-78.35,38.600216200902125,683.752197266,-1.9416503899999498,-9.186401369998975,USGS_3DEP_1m_DEM_bilinear_sample
25.0,-78.35,38.60022520927287,683.717163086,-1.9766845699999749,-8.894042970000555,USGS_3DEP_1m_DEM_bilinear_sample
26.0,-78.35,38.60023421764361,683.580932617,-2.1129150389999722,-9.06738281999992,USGS_3DEP_1m_DEM_bilinear_sample
27.0,-78.35,38.60024322601433,683.452209473,-2.2416381829999636,-8.839721680000139,USGS_3DEP_1m_DEM_bilinear_sample
28.0,-78.35,38.60025223438504,683.372192383,-2.321655273000033,-8.98071289000086,USGS_3DEP_1m_DEM_bilinear_sample
29.0,-78.35,38.60026124275573,683.338439941,-2.3554077149999557,-9.506225590000668,USGS_3DEP_1m_DEM_bilinear_sample
30.0,-78.35,38.60027025112641,683.286437988,-2.407409668000014,-10.418090819999861,USGS_3DEP_1m_DEM_bilinear_sample
31.0,-78.35,38.60027925949707,683.177856445,-2.5159912110000278,-10.430908199999749,USGS_3DEP_1m_DEM_bilinear_sample
32.0,-78.35,38.600288267867725,683.086608887,-2.6072387689999914,-10.593261720000555,USGS_3DEP_1m_DEM_bilinear_sample
33.0,-78.35,38.60029727623836,682.952880859,-2.7409667970000555,-10.788574219999418,USGS_3DEP_1m_DEM_bilinear_sample
34.0,-78.35,38.60030628460898,682.801574707,-2.8922729490000165,-11.424560540000357,USGS_3DEP_1m_DEM_bilinear_sample
35.0,-78.35,38.60031529297959,682.675354004,-3.018493651999961,-11.867065430000139,USGS_3DEP_1m_DEM_bilinear_sample
36.0,-78.35,38.60032430135019,682.537841797,-3.156005858999947,-11.755981439999914,USGS_3DEP_1m_DEM_bilinear_sample
37.0,-78.35,38.60033330972077,682.392883301,-3.300964355000019,-11.068725590000668,USGS_3DEP_1m_DEM_bilinear_sample
38.0,-78.35,38.600342318091336,682.293334961,-3.400512694999975,-10.769042969999418,USGS_3DEP_1m_DEM_bilinear_sample
39.0,-78.35,38.60035132646189,682.195983887,-3.4978637689999914,-10.293579099999306,USGS_3DEP_1m_DEM_bilinear_sample
40.0,-78.35,38.60036033483242,682.099731445,-3.5941162110000278,-9.643554689999974,USGS_3DEP_1m_DEM_bilinear_sample
41.0,-78.35,38.600369343202956,682.002258301,-3.691589355000019,-8.633422850000443,USGS_3DEP_1m_DEM_bilinear_sample
42.0,-78.35,38.60037835157347,681.979736328,-3.714111328000058,-7.514038089999531,USGS_3DEP_1m_DEM_bilinear_sample
43.0,-78.35,38.600387359943966,681.875976562,-3.8178710939999974,-6.581420900000694,USGS_3DEP_1m_DEM_bilinear_sample
44.0,-78.35,38.60039636831444,681.772216797,-3.921630858999947,-5.5828857500000595,USGS_3DEP_1m_DEM_bilinear_sample
45.0,-78.35,38.60040537668492,681.710998535,-3.9828491209999584,-4.720458979999194,USGS_3DEP_1m_DEM_bilinear_sample
46.0,-78.35,38.60041438505537,681.674499512,-4.019348143999991,-4.470825199999808,USGS_3DEP_1m_DEM_bilinear_sample
47.0,-78.35,38.600423393425814,681.641479492,-4.052368163999972,-6.358032229999253,USGS_3DEP_1m_DEM_bilinear_sample
48.0,-78.35,38.60043240179624,681.635192871,-4.058654785000044,-7.095336910000469,USGS_3DEP_1m_DEM_bilinear_sample
49.0,-78.35,38.60044141016666,681.637695312,-4.056152343999997,-7.1148681700003635,USGS_3DEP_1m_DEM_bilinear_sample
50.0,-78.35,38.60045041853706,681.627685547,-4.066162108999947,-7.461547850000443,USGS_3DEP_1m_DEM_bilinear_sample
51.0,-78.35,38.60045942690744,681.555175781,-4.138671875,-8.159179689999974,USGS_3DEP_1m_DEM_bilinear_sample
52.0,-78.35,38.60046843527782,681.343933105,-4.3499145509999835,-9.00390625,USGS_3DEP_1m_DEM_bilinear_sample
53.0,-78.35,38.600477443648174,681.166442871,-4.527404785000044,-10.303344729999253,USGS_3DEP_1m_DEM_bilinear_sample
54.0,-78.35,38.60048645201852,681.06072998,-4.6331176759999835,-10.578613280000582,USGS_3DEP_1m_DEM_bilinear_sample
55.0,-78.35,38.600495460388856,680.96484375,-4.729003906000003,-10.953979490000165,USGS_3DEP_1m_DEM_bilinear_sample
56.0,-78.35,38.60050446875917,680.858581543,-4.835266112999989,-10.979003899999498,USGS_3DEP_1m_DEM_bilinear_sample
57.0,-78.35,38.60051347712947,680.741088867,-4.952758788999972,-10.148315430000139,USGS_3DEP_1m_DEM_bilinear_sample
58.0,-78.35,38.60052248549976,680.604858398,-5.08898925799997,-9.381713870000112,USGS_3DEP_1m_DEM_bilinear_sample
59.0,-78.35,38.60053149387004,680.579833984,-5.1140136720000555,-9.349975579999636,USGS_3DEP_1m_DEM_bilinear_sample
60.0,-78.35,38.6005405022403,680.532287598,-5.161560057999964,-10.090942379999888,USGS_3DEP_1m_DEM_bilinear_sample
61.0,-78.35,38.60054951061055,680.457275391,-5.23657226499995,-10.665893550000192,USGS_3DEP_1m_DEM_bilinear_sample
62.0,-78.35,38.600558518980776,680.329101562,-5.364746093999997,-10.866088870000112,USGS_3DEP_1m_DEM_bilinear_sample
63.0,-78.35,38.600567527351,680.228271484,-5.4655761720000555,-10.665893550000192,USGS_3DEP_1m_DEM_bilinear_sample
64.0,-78.35,38.6005765357212,680.125732422,-5.568115233999947,-11.790771479999194,USGS_3DEP_1m_DEM_bilinear_sample
65.0,-78.35,38.600585544091395,679.955749512,-5.738098143999991,-13.165893560000086,USGS_3DEP_1m_DEM_bilinear_sample
66.0,-78.35,38.60059455246157,679.791992188,-5.901855468000008,-14.055175790000476,USGS_3DEP_1m_DEM_bilinear_sample
67.0,-78.35,38.600603560831736,679.65447998,-6.0393676759999835,-14.285888670000304,USGS_3DEP_1m_DEM_bilinear_sample
68.0,-78.35,38.600612569201886,679.538269043,-6.155578612999989,-14.965209959999584,USGS_3DEP_1m_DEM_bilinear_sample
69.0,-78.35,38.60062157757202,679.400756836,-6.293090819999975,-15.52734375,USGS_3DEP_1m_DEM_bilinear_sample
70.0,-78.35,38.60063058594215,679.215698242,-6.478149413999972,-15.151977540000416,USGS_3DEP_1m_DEM_bilinear_sample
71.0,-78.35,38.600639594312256,679.051757812,-6.642089843999997,-14.652709969999478,USGS_3DEP_1m_DEM_bilinear_sample
72.0,-78.35,38.60064860268235,678.900512695,-6.793334961000028,-13.67736816000047,USGS_3DEP_1m_DEM_bilinear_sample
73.0,-78.35,38.600657611052426,678.731750488,-6.962097168000014,-14.334716800000251,USGS_3DEP_1m_DEM_bilinear_sample
74.0,-78.35,38.60066661942249,678.572998047,-7.120849608999947,-14.655151370000112,USGS_3DEP_1m_DEM_bilinear_sample
75.0,-78.35,38.60067562779255,678.440551758,-7.253295898000033,-14.391479490000165,USGS_3DEP_1m_DEM_bilinear_sample
76.0,-78.35,38.60068463616258,678.326721191,-7.367126464999956,-14.340209959999584,USGS_3DEP_1m_DEM_bilinear_sample
77.0,-78.35,38.60069364453261,678.286743164,-7.40710449200003,-14.38964843000008,USGS_3DEP_1m_DEM_bilinear_sample
78.0,-78.35,38.600702652902626,678.104797363,-7.589050293000014,-14.027099610000278,USGS_3DEP_1m_DEM_bilinear_sample
79.0,-78.35,38.60071166127262,677.935241699,-7.758605956999986,-14.227294920000304,USGS_3DEP_1m_DEM_bilinear_sample
80.0,-78.35,38.600720669642605,677.776550293,-7.917297362999989,-14.315185550000251,USGS_3DEP_1m_DEM_bilinear_sample
81.0,-78.35,38.60072967801257,677.617736816,-8.076110839999956,-14.138183590000608,USGS_3DEP_1m_DEM_bilinear_sample
82.0,-78.35,38.60073868638253,677.461547852,-8.232299804000036,-15.04516601999967,USGS_3DEP_1m_DEM_bilinear_sample
83.0,-78.35,38.60074769475247,677.329040527,-8.364807129000042,-14.650878899999498,USGS_3DEP_1m_DEM_bilinear_sample
84.0,-78.35,38.60075670312239,677.150268555,-8.543579100999978,-14.467773439999974,USGS_3DEP_1m_DEM_bilinear_sample
85.0,-78.35,38.60076571149231,677.009033203,-8.684814453000058,-13.99353026999961,USGS_3DEP_1m_DEM_bilinear_sample
86.0,-78.35,38.60077471986221,676.912902832,-8.780944824000017,-13.580322260000912,USGS_3DEP_1m_DEM_bilinear_sample
87.0,-78.35,38.600783728232095,676.782226562,-8.911621093999997,-13.168334969999478,USGS_3DEP_1m_DEM_bilinear_sample
88.0,-78.35,38.600792736601974,676.639709473,-9.054138182999964,-12.655639649999557,USGS_3DEP_1m_DEM_bilinear_sample
89.0,-78.35,38.600801744971825,676.488464355,-9.205383300999983,-10.471191410000529,USGS_3DEP_1m_DEM_bilinear_sample
90.0,-78.35,38.60081075334167,676.377197266,-9.31665038999995,-9.293823239999028,USGS_3DEP_1m_DEM_bilinear_sample
91.0,-78.35,38.600819761711506,676.25970459,-9.434143066000047,-8.79516601999967,USGS_3DEP_1m_DEM_bilinear_sample
92.0,-78.35,38.60082877008132,676.144714355,-9.549133300999983,-8.41308593000008,USGS_3DEP_1m_DEM_bilinear_sample
93.0,-78.35,38.60083777845112,676.063476562,-9.630371093999997,-7.800292970000555,USGS_3DEP_1m_DEM_bilinear_sample
94.0,-78.35,38.60084678682091,676.103149414,-9.59069824200003,-7.037963860000218,USGS_3DEP_1m_DEM_bilinear_sample
95.0,-78.35,38.60085579519068,676.079650879,-9.614196776999961,-6.925048830000833,USGS_3DEP_1m_DEM_bilinear_sample
96.0,-78.35,38.60086480356045,676.03338623,-9.660461425999983,-6.950073239999028,USGS_3DEP_1m_DEM_bilinear_sample
97.0,-78.35,38.60087381193019,675.940917969,-9.752929687000005,-6.7517089800003305,USGS_3DEP_1m_DEM_bilinear_sample
98.0,-78.35,38.60088282029992,675.859680176,-9.83416748000002,-7.030639639999663,USGS_3DEP_1m_DEM_bilinear_sample
99.0,-78.35,38.600891828669646,675.784667969,-9.909179687000005,-8.527221680000139,USGS_3DEP_1m_DEM_bilinear_sample
100.0,-78.35,38.60090083703935,675.684692383,-10.009155273000033,-9.467163090000668,USGS_3DEP_1m_DEM_bilinear_sample
