link_m,total_upright_stroke_m,bump_from_50_deg_m,max_level_body_slope_deg
0.16,0.20719639741892135,0.12286994066688596,16.488482584754657
0.2,0.2589954967736517,0.15358742583360746,20.304149499508277
0.22,0.2848950464510169,0.1689461684169682,22.14597531733897
0.24,0.310794596128382,0.18430491100032892,23.940851577464066
0.25,0.3237443709670646,0.1919842822920093,24.82016178062162
0.3,0.3884932451604775,0.23038113875041116,29.029851989189385
0.35,0.4532421193538904,0.268777995208813,32.92260243419513
0.38,0.4920914438699382,0.29181610908385414,35.10674961522414
0.4,0.5179909935473034,0.3071748516672149,36.50096477473349
