gross_kg,body_payload_kg,effective_support_N,fitted_assist_fraction,preload_at_25_deg_N,spring_rate_N_per_mm,spring_tension_50_deg_N,spring_tension_75_deg_N,stroke_mm,knee_unassisted_at_50_deg_Nm,knee_residual_at_50_deg_Nm,knee_residual_max_abs_Nm,fit_R_squared,fit_RMSE_Nm,fit_max_abs_error_Nm
11.2,4.799999999999999,15.205499999999997,0.75,51.10122652716944,1.3807756125330715,81.2250773645989,111.34892820202839,43.633231299858245,2.795541307162948,0.7649143730479753,0.8300700072929073,0.981997382525291,0.1571466489825584,0.37331700734878215
11.2,4.799999999999999,15.205499999999997,0.9,61.32147183260333,1.6569307350396856,97.47009283751869,133.61871384243406,43.633231299858245,2.795541307162948,0.35878898622498046,0.3719331380555979,0.981997382525291,0.1571466489825584,0.37331700734878215
11.2,4.799999999999999,15.205499999999997,1.0,68.13496870289259,1.841034150044095,108.30010315279854,148.46523760270452,43.633231299858245,2.795541307162948,0.08803872834298421,0.18665850367439107,0.981997382525291,0.1571466489825584,0.37331700734878215
25.0,18.6,49.05000000000001,0.75,164.84266621667564,4.454114879138943,262.0163785954805,359.1900909742853,43.633231299858245,9.01787518439661,2.4674657195095975,2.677645184815831,0.981997382525291,0.5069246741372853,1.2042484108025242
25.0,18.6,49.05000000000001,0.9,197.81119946001078,5.344937854966731,314.4196543145766,431.02810916914234,43.633231299858245,9.01787518439661,1.157383826532195,1.1997843163083832,0.981997382525291,0.5069246741372853,1.2042484108025242
25.0,18.6,49.05000000000001,1.0,219.7902216222342,5.9388198388519235,349.35517146064063,478.920121299047,43.633231299858245,9.01787518439661,0.2839958978805939,0.6021242054012621,0.981997382525291,0.5069246741372853,1.2042484108025242
32.5,26.1,67.44375000000001,0.75,226.65866604792902,6.124407958816045,360.27252056878564,493.88637508964223,43.633231299858245,12.399578378545339,3.3927653643256974,3.6817621291217684,0.981997382525291,0.6970214269387675,1.6558415648534677
32.5,26.1,67.44375000000001,0.9,271.9903992575148,7.349289550579255,432.3270246825428,592.6636501075707,43.633231299858245,12.399578378545339,1.5914027614817687,1.6497034349240227,0.981997382525291,0.6970214269387675,1.6558415648534677
32.5,26.1,67.44375000000001,1.0,302.21155473057206,8.165877278421393,480.36336075838085,658.5151667861896,43.633231299858245,12.399578378545339,0.39049435958581746,0.8279207824267338,0.981997382525291,0.6970214269387675,1.6558415648534677
35.0,28.6,73.57500000000002,0.75,247.26399932501346,6.681172318708414,393.02456789322076,538.785136461428,43.633231299858245,13.526812776594918,3.701198579264398,4.016467777223749,0.981997382525291,0.7603870112059281,1.806372616203788
35.0,28.6,73.57500000000002,0.9,296.71679919001616,8.017406782450099,471.6294814718649,646.5421637537136,43.633231299858245,13.526812776594918,1.736075739798295,1.7996764744625722,0.981997382525291,0.7603870112059281,1.806372616203788
35.0,28.6,73.57500000000002,1.0,329.6853324333513,8.908229758277887,524.032757190961,718.3801819485707,43.633231299858245,13.526812776594918,0.4259938468208926,0.903186308101894,0.981997382525291,0.7603870112059281,1.806372616203788
45.5,39.1,99.32625,0.75,333.806399088768,9.019582630256359,530.5831666558478,727.3599342229276,43.633231299858245,18.261197248403136,4.99661808200694,5.422231499252062,0.981997382525291,1.0265224651280027,2.438603031875111
45.5,39.1,99.32625,0.9,400.5676789065217,10.82349915630763,636.6997999870174,872.8319210675131,43.633231299858245,18.261197248403136,2.3437022487277,2.429563240524473,0.981997382525291,1.0265224651280027,2.438603031875111
45.5,39.1,99.32625,1.0,445.07519878502404,12.026110173675145,707.4442222077971,969.8132456305701,43.633231299858245,18.261197248403136,0.5750916932082077,1.2193015159375555,0.981997382525291,1.0265224651280027,2.438603031875111
