theta_deg,gravity_hip_equivalent_Nm,spring_hip_equivalent_Nm,residual_knee_Nm
25.0,13.681420987331665,13.599519962875743,0.04095051222796098
26.0,14.191389135002806,13.920193213725799,0.1355979606385036
27.0,14.69703444806835,14.240866464575854,0.2280839917462485
28.0,15.198202902067646,14.56153971542591,0.3183315933208677
29.000000000000004,15.694741836234671,14.882212966275967,0.4062644349793523
29.999999999999996,16.1865,15.202886217126022,0.49180689143698864
31.0,16.673327599063185,15.523559467976078,0.5748840655435536
32.0,17.155076341021545,15.844232718826133,0.6554218110977059
33.0,17.631599480541475,16.16490596967619,0.7333467554326418
34.0,18.102751864058494,16.485579220526247,0.8085863217661231
35.0,18.568389973992417,16.8062524713763,0.8810687513080584
36.0,19.028371972464235,17.126925722226357,0.9507231251189392
37.0,19.48255774450126,17.447598973076413,1.0174793857124236
38.0,19.93080894071754,17.76827222392647,1.0812683583955351
39.0,20.372989019456387,18.088945474776523,1.1420217723399322
40.0,20.808963288382337,18.40961872562658,1.1996722813778788
41.0,21.238598945509697,18.730291976476636,1.2541534845165305
42.0,21.66176511965532,19.050965227326692,1.3053999461643144
43.0,22.078332910303267,19.37163847817675,1.3533472160632591
44.0,22.48817542686912,19.6923117290268,1.397931848921159
45.0,22.891167827352103,20.012984979876858,1.4390914237376222
46.0,23.287187356363155,20.33365823072692,1.4767645628181185
47.0,23.676113382517407,20.65433148157697,1.510890950470218
48.00000000000001,24.057827435179686,20.975004732427028,1.541411351376329
49.0,24.432213240551803,21.29567798327708,1.5682676286373614
50.0,24.799156757090678,21.61635123412714,1.5914027614817687
51.0,25.158546210246524,21.937024484977197,1.6107608626346632
52.0,25.510272126510415,22.25769773582725,1.6262871953415825
53.0,25.854227366761016,22.578370986677307,1.6379281900418547
54.0,26.19030715890018,22.899044237527363,1.645631460686408
55.0,26.518409129767534,23.21971748837742,1.649345820695057
56.0,26.83843333632437,23.540390739227476,1.6490212985484476
57.00000000000001,27.150282296097217,23.86106399007753,1.644609153009844
58.00000000000001,27.453861016871983,24.18173724092759,1.6360618879721969
59.00000000000001,27.749077025629486,24.502410491777646,1.6233332669259202
59.99999999999999,28.035840396713635,24.823083742627695,1.60637832704297
61.0,28.314063779223662,25.14375699347775,1.5851533928729555
62.0,28.583662423622044,25.46443024432781,1.5596160896471165
63.0,28.84455420755004,25.785103495177868,1.529725356186086
64.0,29.096659660842935,26.10577674602792,1.495441457407507
65.0,29.339901989737474,26.426449996877977,1.456725996429748
66.0,29.574207100263923,26.747123247728034,1.4135419262679445
67.0,29.799503620815855,27.06779649857809,1.3658535611188825
68.0,30.015722923890614,27.388469749428147,1.3136265872312336
69.0,30.222799146993918,27.709143000278196,1.2568280733578607
70.0,30.420669212702215,28.029816251128256,1.1954264807869794
71.0,30.609272847876685,28.350489501978313,1.1293916729491862
72.0,30.78855260202301,28.67116275282837,1.0586949245973205
73.0,30.958453864791352,28.991836003678426,0.9833089305564631
74.0,31.118924882611203,29.312509254528482,0.9032078140413606
75.0,31.269916774456014,29.633182505378535,0.8183671345387395
