distance_m,relative_elevation_m,provenance
0.00,0.00000,synthetic
0.20,0.10666,synthetic
0.40,0.12312,synthetic
0.60,0.07759,synthetic
0.80,0.06372,synthetic
1.00,0.09811,synthetic
1.20,0.10067,synthetic
1.40,0.02570,synthetic
1.60,-0.05447,synthetic
1.80,-0.04185,synthetic
2.00,0.05166,synthetic
2.20,0.12387,synthetic
2.40,0.12748,synthetic
2.60,0.12714,synthetic
2.80,0.18748,synthetic
3.00,0.26283,synthetic
3.20,0.25641,synthetic
3.40,0.16362,synthetic
3.60,0.08677,synthetic
3.80,0.09721,synthetic
4.00,0.14549,synthetic
4.20,0.14832,synthetic
4.40,0.11941,synthetic
4.60,0.14793,synthetic
4.80,0.25689,synthetic
5.00,0.35429,synthetic
5.20,0.35375,synthetic
5.40,0.29004,synthetic
5.60,0.26174,synthetic
5.80,0.28765,synthetic
6.00,0.28941,synthetic
6.20,0.22306,synthetic
6.40,0.15996,synthetic
6.60,0.19250,synthetic
6.80,0.30121,synthetic
7.00,0.37939,synthetic
7.20,0.37980,synthetic
7.40,0.36912,synthetic
7.60,0.41373,synthetic
7.80,0.47070,synthetic
8.00,0.44879,synthetic
8.20,0.34968,synthetic
8.40,0.27816,synthetic
8.60,0.30253,synthetic
8.80,0.36791,synthetic
9.00,0.38691,synthetic
9.20,0.37051,synthetic
9.40,0.40452,synthetic
9.60,0.50860,synthetic
9.80,0.59104,synthetic
10.00,0.57093,synthetic
10.20,0.49033,synthetic
10.40,0.45230,synthetic
10.60,0.47653,synthetic
10.80,0.48448,synthetic
11.00,0.43199,synthetic
11.20,0.38791,synthetic
11.40,0.43842,synthetic
11.60,0.55709,synthetic
11.80,0.63420,synthetic
12.00,0.62461,synthetic
12.20,0.59892,synthetic
12.40,0.62657,synthetic
12.60,0.66772,synthetic
12.80,0.63599,synthetic
13.00,0.53775,synthetic
13.20,0.47817,synthetic
13.40,0.52058,synthetic
13.60,0.60352,synthetic
13.80,0.63545,synthetic
14.00,0.62552,synthetic
14.20,0.65784,synthetic
14.40,0.75075,synthetic
14.60,0.81467,synthetic
14.80,0.77519,synthetic
15.00,0.68160,synthetic
15.20,0.64029,synthetic
15.40,0.66998,synthetic
15.60,0.68998,synthetic
15.80,0.65425,synthetic
16.00,0.62834,synthetic
16.20,0.69238,synthetic
16.40,0.81425,synthetic
16.60,0.88319,synthetic
16.80,0.85818,synthetic
17.00,0.81528,synthetic
17.20,0.82754,synthetic
17.40,0.85782,synthetic
17.60,0.82321,synthetic
17.80,0.73280,synthetic
18.00,0.69011,synthetic
18.20,0.75210,synthetic
18.40,0.85030,synthetic
18.60,0.88971,synthetic
18.80,0.87920,synthetic
19.00,0.90312,synthetic
19.20,0.98042,synthetic
19.40,1.02493,synthetic
19.60,0.96904,synthetic
19.80,0.86839,synthetic
20.00,0.83097,synthetic
20.20,0.87251,synthetic
20.40,0.90836,synthetic
20.60,0.88959,synthetic
20.80,0.87830,synthetic
21.00,0.94960,synthetic
21.20,1.06742,synthetic
21.40,1.12212,synthetic
21.60,1.07852,synthetic
21.80,1.01899,synthetic
22.00,1.02000,synthetic
22.20,1.04595,synthetic
22.40,1.01561,synthetic
22.60,0.93872,synthetic
22.80,0.91552,synthetic
23.00,0.99580,synthetic
23.20,1.10451,synthetic
23.40,1.14456,synthetic
23.60,1.12648,synthetic
23.80,1.13683,synthetic
24.00,1.19660,synthetic
24.20,1.22362,synthetic
24.40,1.15656,synthetic
24.60,1.05592,synthetic
24.80,1.02921,synthetic
25.00,1.08724,synthetic
25.20,1.14013,synthetic
25.40,1.13573,synthetic
25.60,1.13341,synthetic
25.80,1.20481,synthetic
26.00,1.31198,synthetic
26.20,1.34830,synthetic
26.40,1.28565,synthetic
26.60,1.21276,synthetic
26.80,1.20861,synthetic
27.00,1.23740,synthetic
27.20,1.21756,synthetic
27.40,1.15775,synthetic
27.60,1.15386,synthetic
27.80,1.24851,synthetic
28.00,1.36127,synthetic
28.20,1.39479,synthetic
28.40,1.36332,synthetic
28.60,1.35722,synthetic
28.80,1.40034,synthetic
29.00,1.41429,synthetic
29.20,1.34281,synthetic
29.40,1.24929,synthetic
29.60,1.23874,synthetic
29.80,1.31544,synthetic
30.00,1.38373,synthetic
30.20,1.38874,synthetic
30.40,1.38848,synthetic
30.60,1.45303,synthetic
30.80,1.54460,synthetic
31.00,1.56098,synthetic
31.20,1.48160,synthetic
31.40,1.40086,synthetic
31.60,1.39862,synthetic
31.80,1.43691,synthetic
32.00,1.43197,synthetic
32.20,1.39013,synthetic
32.40,1.40260,synthetic
32.60,1.50571,synthetic
32.80,1.61529,synthetic
33.00,1.63588,synthetic
33.20,1.58724,synthetic
33.40,1.56457,synthetic
33.60,1.59458,synthetic
33.80,1.60172,synthetic
34.00,1.53304,synthetic
34.20,1.45274,synthetic
34.40,1.46153,synthetic
34.60,1.55630,synthetic
34.80,1.63581,synthetic
35.00,1.64365,synthetic
35.20,1.63834,synthetic
35.40,1.69040,synthetic
35.60,1.76376,synthetic
35.80,1.76147,synthetic
36.00,1.67012,synthetic
36.20,1.58842,synthetic
36.40,1.59508,synthetic
36.60,1.64801,synthetic
36.80,1.65986,synthetic
37.00,1.63405,synthetic
37.20,1.65766,synthetic
37.40,1.76217,synthetic
37.60,1.86171,synthetic
37.80,1.86473,synthetic
38.00,1.79777,synthetic
38.20,1.76117,synthetic
38.40,1.78374,synthetic
38.60,1.79119,synthetic
38.80,1.73188,synthetic
39.00,1.66895,synthetic
39.20,1.69756,synthetic
39.40,1.80708,synthetic
39.60,1.89168,synthetic
39.80,1.89520,synthetic
40.00,1.87863,synthetic
40.20,1.91467,synthetic
40.40,1.97001,synthetic
40.60,1.95295,synthetic
40.80,1.85612,synthetic
41.00,1.78064,synthetic
41.20,1.80204,synthetic
41.40,1.87245,synthetic
41.60,1.90014,synthetic
41.80,1.88594,synthetic
42.00,1.91398,synthetic
42.20,2.01277,synthetic
42.40,2.09684,synthetic
42.60,2.08008,synthetic
42.80,1.99647,synthetic
43.00,1.95094,synthetic
43.20,1.97299,synthetic
43.40,1.98765,synthetic
43.60,1.94266,synthetic
43.80,1.89865,synthetic
44.00,1.94478,synthetic
44.20,2.06352,synthetic
44.40,2.14609,synthetic
44.60,2.13861,synthetic
44.80,2.10645,synthetic
45.00,2.12564,synthetic
45.20,2.16589,synthetic
45.40,2.13995,synthetic
45.60,2.04485,synthetic
45.80,1.98202,synthetic
46.00,2.02194,synthetic
46.20,2.10992,synthetic
46.40,2.14987,synthetic
46.60,2.14102,synthetic
46.80,2.16631,synthetic
47.00,2.25331,synthetic
47.20,2.31868,synthetic
47.40,2.28275,synthetic
47.60,2.18672,synthetic
47.80,2.13888,synthetic
48.00,2.16751,synthetic
48.20,2.19498,synthetic
48.40,2.16686,synthetic
48.60,2.14052,synthetic
48.80,2.19941,synthetic
49.00,2.32050,synthetic
49.20,2.39402,synthetic
49.40,2.37040,synthetic
49.60,2.32080,synthetic
49.80,2.32510,synthetic
50.00,2.35548,synthetic